Date,1957,1958,1959,1960,1961,1962,1963,1964,1965,1966,1967,1968,1969,1970,1971,1972,1973,1974,1975,1976,1977,1978,1979,1980,1981,1982,1983,1984,1985,1986,1987,1988,1989,1990,1991,1992,1993,1994,1995,1996,1997,1998,1999,2000,2001,2002,2003,2004,2005,2006,2007,2008,2009,2010,2011,2012,2013,2014,2015,2016,2017
2018-01-01,4,-99,20,-10,-26,-1,-9,10,14,7,-6,-72,-13,6,-9,-12,-9,-8,-9,3,-21,4,-23,-48,-33,-14,-15,-33,-25,-22,-13,2,-30,-50,-22,-10,-1,-32,2,-2,-2,-17,-4,-31,2,-34,-9,-25,-14,3,-3,-7,-11,5,-8,-6,0,-14,-6,-61,-16
2018-01-02,-6,-60,26,-11,-13,-13,1,-41,10,13,-16,-71,-5,-19,-6,-12,-4,-6,-2,4,-22,-7,-23,-48,-22,-15,2,-22,-28,-24,-10,-40,-15,-35,-14,-14,-23,-29,-10,-6,-2,-12,-8,-20,11,-16,-8,-10,-38,0,-23,2,-8,11,1,4,3,-21,-11,-19,-15
2018-01-03,-35,-29,14,-13,-13,-2,7,-32,4,1,-11,-51,4,-19,-21,-15,2,-1,7,5,-14,-5,-35,-18,-21,-20,-13,-20,-19,-20,-7,-46,-6,-39,-17,-27,-32,-19,-27,-9,0,-9,-5,-18,-8,-17,-4,-12,-36,-4,-24,-1,-11,0,0,-23,11,-21,-20,-12,-12
2018-01-04,-16,-12,9,-3,-3,2,3,-25,11,5,-8,-31,2,-11,-22,-9,9,-1,-11,-3,-22,-73,-69,-12,-23,-20,-15,-28,-18,-15,-1,-27,-1,-18,-12,-25,-28,-15,-24,-5,0,-5,-19,-16,-2,-7,-22,-21,-26,-3,-24,10,-10,-2,-3,-9,9,-12,-38,-8,-9
2018-01-05,1,1,-17,-30,3,12,-6,-19,7,-4,-4,-19,2,-1,-17,-7,-15,0,-20,-6,-17,-71,-58,-13,-9,-2,-13,-22,-10,-6,3,-30,-50,-18,-1,-21,-24,-3,-23,-1,3,-8,-23,-26,-8,-8,-10,-15,-28,1,-22,-3,-8,0,-1,2,5,-11,-35,7,-12
2018-01-06,16,2,-44,-25,-9,14,6,-16,10,4,11,-26,-1,-6,-16,-5,-22,-4,-13,-2,-16,-41,-32,-11,-10,0,-5,-14,-15,-6,1,-36,-42,-20,-1,-19,-17,-15,-23,2,8,-10,1,-23,-2,6,-2,-20,-14,-12,-17,-19,-12,-2,1,2,11,-10,-27,-13,-19
2018-01-07,17,1,-34,-18,1,16,2,-13,13,3,-11,-22,2,0,-11,-4,-14,5,-35,-8,-14,-30,-37,-6,-8,-2,-4,-8,-6,-45,3,-45,-8,-13,3,-16,-15,-3,-21,3,-6,-46,-9,-23,-3,1,-7,-36,-16,-7,-16,-22,-6,2,-27,-3,9,-9,-43,-10,-16
2018-01-08,2,3,-28,-7,-31,9,-3,-5,-7,2,-97,-14,-10,2,-5,-6,-14,4,-16,-6,-5,-15,-54,-8,-7,-5,-1,-7,-2,-31,-1,-31,-10,-8,-2,-29,-21,-2,-13,-2,-2,-13,-13,-14,-1,-14,3,-16,-56,-9,-9,-20,-2,0,-13,-4,7,-11,-39,-10,-19
2018-01-09,-12,2,-44,0,-54,10,8,-6,-3,2,-42,-8,-9,-1,3,-8,-9,11,-18,-1,-2,-25,-22,-5,-8,-1,-15,6,-35,-21,-8,-26,-28,-28,6,-19,-19,8,-16,0,0,-13,-20,-5,-13,-4,2,-17,-24,-3,-7,-21,-5,3,-12,1,1,-12,-28,-5,-18
2018-01-10,-30,-17,-80,-26,-35,-34,3,-13,1,-2,-30,-10,-4,4,5,-11,-17,-3,-16,-40,2,-39,-19,-4,10,14,-126,4,-27,-24,-5,-16,-23,-35,2,-26,-15,13,-8,1,-34,-15,-14,-1,0,-17,-2,-24,-17,2,-14,-13,-7,7,-11,-1,1,-5,-18,-2,-16
2018-01-11,-29,-1,-52,-42,-22,-36,12,-11,1,4,-23,-5,1,4,-7,-29,-15,0,-14,-75,-5,-27,-10,-9,-21,11,-37,-16,-20,-11,4,-2,-42,-29,-1,-59,-23,2,-27,0,-11,-4,-13,-19,-6,-43,-18,-21,-18,4,-15,-13,-9,4,-13,1,10,-2,-22,-8,-12
2018-01-12,-5,-7,-22,-29,-6,-22,5,-10,7,6,-21,-23,-8,2,-6,-18,-18,2,-2,-46,-25,-17,-6,-8,-20,10,-28,-9,-21,-6,-1,-11,-71,-27,2,-42,-28,-28,-12,-5,-17,-7,-4,-46,-19,-32,-19,-17,-36,5,-21,-7,-5,-1,-5,9,4,-11,-19,-13,-6
2018-01-13,4,-5,-12,-23,-14,-13,-4,-6,-7,12,-5,-25,-2,2,6,-8,-13,5,-18,-30,-16,-16,-9,-25,-14,24,-23,0,-20,1,0,-20,-45,-19,-18,-55,-12,-19,-11,-53,-20,-5,-39,-24,-2,-20,-7,-14,-24,3,-13,-23,2,-5,-11,5,1,-9,-13,-13,-2
2018-01-14,8,-13,6,-29,-9,-7,-16,-3,1,14,-110,-25,-5,-2,-14,-1,-12,12,-28,-24,-20,-17,-15,-33,-14,29,-22,-7,-19,1,2,-29,-34,-9,-1,-20,-25,-21,-10,-33,-15,-5,-68,-17,-8,-15,-10,-16,-21,5,-5,-18,-10,-7,-16,0,-13,-12,-12,-10,0
2018-01-15,6,-25,-13,-66,-9,-12,-19,4,5,9,-51,-26,-10,8,-20,-19,-6,1,-20,-16,-22,-9,-21,-15,-5,9,-20,0,-16,1,4,-99,-61,-2,-8,-30,-16,-25,-6,-32,-6,-1,-43,-12,-13,-14,-7,-20,-28,3,-18,-15,-13,-3,-8,5,-9,-12,-7,-12,2
2018-01-16,1,-14,-11,-36,-18,-7,-20,-11,5,10,-39,-23,-6,-29,-11,-36,-8,-9,-24,-13,-15,-19,-24,-22,-6,-7,-33,0,-17,-5,-2,-48,-75,2,-6,-22,-8,-23,-21,-23,-9,-3,-27,-12,-6,-6,-5,-27,-10,-3,-16,-15,-9,-2,-2,-2,-1,-4,-8,2,4
2018-01-17,5,-22,-21,-11,-11,-9,-17,-18,4,15,-24,-14,-18,-33,-3,-27,-2,-4,-23,-17,-11,-22,-13,-8,1,-10,-31,-1,-15,7,2,-38,-56,-12,-8,-21,-16,-29,-48,-20,0,-16,-15,-5,4,-2,-3,-22,-38,-7,-28,-11,-8,0,-4,-9,-2,-1,-9,0,3
2018-01-18,10,-52,-13,-15,-7,1,-14,-13,5,21,-12,-12,-15,-15,-4,-25,4,-5,-21,-19,-14,-22,-16,-7,-1,-7,-34,7,-7,-9,-6,-30,-41,-7,-13,-16,-8,-24,-67,-19,-4,-16,-13,-1,4,-5,1,-19,-66,-6,-26,-16,-4,4,3,-4,-11,-3,-2,2,-4
2018-01-19,11,-36,-10,-20,-23,-5,-21,-9,7,7,-13,-10,-10,-2,-15,-17,14,-8,-14,-4,-8,-14,-31,1,8,-12,-27,-12,-3,-9,0,-28,-27,7,-11,-8,-5,-29,-30,-13,-11,7,-20,6,7,3,-17,-17,-64,-5,-25,-16,-6,3,-6,0,-13,6,0,1,-18
2018-01-20,13,-16,-1,-4,-56,-14,-15,-6,11,2,-29,-13,-7,-5,-29,-19,-38,-9,-10,5,-11,-6,-24,2,7,2,-26,-7,-5,-17,-13,-23,-36,-4,-4,-27,-17,-19,-16,-20,-10,-4,-14,-3,-1,-13,-20,-26,-41,-3,-19,-12,-8,-3,-6,2,-21,-1,3,-46,-13
2018-01-21,-45,-50,6,-39,-40,-3,-8,-1,6,-7,-31,-16,-4,-1,-18,-37,-43,-11,-11,-10,-9,0,-15,2,10,18,-15,-4,-9,-34,-16,-20,-71,-24,-4,-12,-17,-17,-12,-11,-19,-5,-18,1,-25,-11,-17,-20,-30,-5,-18,-13,-6,-24,-4,1,-12,1,14,-42,-11
2018-01-22,-140,-31,19,-38,-32,-6,-4,-1,-4,-6,-14,-6,-1,-1,-10,-45,-14,2,-9,-14,-9,4,-15,9,11,-25,-15,-5,-4,-34,-9,-17,-44,-28,12,-19,-8,-13,-8,-8,-14,2,-19,-13,-25,-6,-15,-51,-73,0,-12,-11,-3,-13,-2,-8,-4,-12,-9,-26,-14
2018-01-23,-82,-34,22,-31,-18,0,0,8,1,-14,-4,-7,5,0,-14,-50,-14,3,-4,-15,3,3,-46,2,-3,-15,-5,5,-31,-21,-13,-13,-32,-24,11,-3,-6,-4,-11,-6,-4,-3,-27,-64,-13,-10,-20,-67,-40,-9,-12,-4,1,-14,-2,-48,2,-10,-6,-18,-9
2018-01-24,-50,-14,15,-25,-17,6,-1,-5,3,-6,-3,-6,-5,-5,-10,-34,-16,12,-8,-15,-2,0,-51,2,-8,-12,-15,10,-21,-20,-13,-11,-23,-34,-9,5,-6,-2,-8,-4,2,5,-39,-42,-35,-13,-20,-38,-26,-6,-8,-6,1,-18,2,-29,1,-5,-5,-6,-9
2018-01-25,-63,-19,8,-15,-20,13,-15,-4,11,-3,4,-6,-33,-2,-17,-32,-15,-22,-1,-15,-3,-1,-46,7,-6,-12,-23,8,-6,-11,-9,-16,-18,-38,-1,-4,-7,-6,-5,-5,-5,-4,-31,-30,-28,-9,-32,-65,-20,-1,-5,-10,4,-10,-7,-42,11,-10,1,-5,-3
2018-01-26,-36,-33,-32,-12,-15,1,-6,-11,13,-5,0,-6,-19,-1,-3,-23,-15,-30,3,-8,-11,-17,-45,7,-5,-1,-20,-18,2,-21,-7,-15,-15,-27,-29,16,-36,-10,0,-7,-9,-4,-16,-17,-27,-23,-15,-38,-14,-25,-8,-12,-5,-7,-3,-31,-26,-16,-13,6,-4
2018-01-27,-27,-16,-15,-8,-14,-6,2,-5,11,-5,11,-12,-27,0,-42,-24,-22,-24,-1,-5,-2,-14,-47,-20,-12,-1,-16,-11,-11,-21,-8,-23,-16,-14,-12,-26,-23,-17,2,-11,-22,-7,-27,3,-17,-18,-5,-29,0,-18,-5,-8,-10,-2,-5,-23,-25,-6,-9,9,-17
2018-01-28,-19,-1,-12,-2,-14,-5,5,7,7,10,-11,-24,-17,10,-69,-33,-27,-16,-10,-1,-5,2,-30,-36,-17,-14,-19,-6,-67,-24,-7,-9,-16,5,-8,-29,-16,-20,9,-6,-27,4,-13,-30,-2,-9,-11,-19,-3,-14,-3,-9,-6,-2,1,-13,-14,-7,-6,-3,-10
2018-01-29,-34,-5,-4,5,-14,-2,9,-15,4,9,0,-28,-10,5,-41,-30,-24,-16,2,-3,-26,-28,-24,-51,-16,1,-18,-6,-59,-19,-16,-6,-16,-26,0,-23,-9,-12,-16,-21,-24,0,-8,-27,-17,-9,-14,-14,-7,-9,-15,-8,-6,-4,1,-16,-6,-9,-3,-2,-9
2018-01-30,-63,13,-10,6,-7,-3,-23,-11,3,7,-5,-23,-5,5,-31,-21,-23,-14,6,-2,-50,-46,-23,-31,-10,-26,-19,-20,-33,-17,-4,-3,-16,-33,0,-29,-6,-14,-42,-17,-20,-38,-7,-20,-10,-1,-38,-11,-17,-6,-33,-5,-4,0,1,-10,-4,-10,-12,4,-1
2018-01-31,-39,4,-14,13,-1,2,-66,-8,9,3,1,-10,-10,-3,-22,-16,-12,-11,1,-16,-45,-49,-22,-20,-27,-33,-22,-15,-22,-14,-5,-1,-31,-37,2,-29,-50,-12,-35,-15,-17,-20,-7,-14,-23,-4,-35,-11,-18,2,-26,0,-3,-7,15,-6,5,-4,-12,-14,-11
2018-02-01,-25,9,-14,5,2,16,-35,-15,7,7,-4,-7,-7,4,-23,-11,-22,-11,-23,-15,-15,-29,-24,-12,-17,-63,-22,-12,-23,-7,-2,5,-50,-32,-28,-30,-50,-7,-27,-12,-12,-8,-2,-7,-26,-18,-25,-11,-18,0,-23,-20,-9,-8,-8,-4,3,6,-9,-28,-23
2018-02-02,-18,8,-26,-7,5,8,-15,-7,14,13,-1,-21,-36,-8,-22,-17,-15,-10,-12,-13,-23,-21,-29,-11,-22,-84,-7,-8,-21,2,-3,2,-46,-46,-58,-85,-35,-18,-28,-13,-14,-6,9,-8,-13,-48,-57,-11,-11,-6,-19,-34,-4,-11,-13,-3,-11,1,-28,1,-21
2018-02-03,-12,16,-24,-31,5,7,-7,-2,13,4,4,-32,-95,-4,-13,-20,-15,-5,-13,-13,-10,-26,-18,-6,-21,-59,-1,-33,-17,3,1,-4,-60,-29,-36,-115,-24,-13,-36,-10,-18,-9,5,-5,-3,-26,-42,-18,-13,-4,-15,-29,-3,-13,-10,-7,1,4,-19,-26,-23
2018-02-04,-40,10,-36,-29,-39,-8,0,-4,1,-2,2,-39,-40,-7,-7,-20,-8,-2,-3,-12,-4,-18,-24,-4,-13,-75,-45,-69,-12,3,1,0,-38,-32,-22,-73,-23,-13,-35,-5,-11,-22,-6,-2,3,-16,-45,-16,-10,-7,-12,-27,-18,-9,-8,-13,1,3,-14,2,-18
2018-02-05,-69,-21,-36,-24,-103,-25,-4,0,6,-8,-12,-23,-33,-8,-2,-18,-7,-2,-7,-8,-2,-32,-38,-4,-36,-70,-149,-45,-15,3,8,-39,-36,-50,-4,-51,-15,-38,-21,-6,-6,10,-17,-2,10,-31,-34,-9,-1,5,-12,-21,-18,-5,-41,-14,-1,9,-6,-8,-17
2018-02-06,-42,-31,-29,-33,-41,-8,0,-22,6,-8,-9,-20,-19,-5,-11,-12,-3,-2,-6,-9,-14,-24,-31,-33,-57,-69,-89,-21,-40,-1,6,-23,-40,-28,-3,-26,-2,-78,-9,-1,-13,3,-15,-30,-2,-56,-24,-14,-4,-13,-20,-16,-14,-6,-33,-10,3,-15,-7,-3,-15
2018-02-07,-26,-27,-20,-7,-41,-9,4,-18,-39,-2,-14,-6,-21,-4,-2,-18,-8,-5,-14,-27,-22,-16,-15,-50,-75,-61,-85,-20,-29,-47,-1,-23,-41,-52,-3,-32,-16,-74,-22,-5,-6,9,-19,-37,-7,-26,-32,-11,-19,-10,-18,-17,-5,-9,-24,-18,-8,-9,-14,-7,-15
2018-02-08,-23,-26,-6,-4,-35,-3,3,-15,-9,2,-67,-19,-19,3,-1,-17,-14,0,-7,-27,-21,-20,-21,-39,-28,-45,-58,-14,-29,-136,-11,-16,-29,-39,-16,-48,-44,-67,-48,-4,-16,1,-12,-25,-1,-21,-27,-1,-33,-1,-19,-14,-3,-7,-15,-20,-9,-16,-18,-24,-4
2018-02-09,-14,-25,-42,5,-24,1,20,-22,-11,9,-39,-40,-14,5,-6,-9,-23,5,-8,-18,-30,-32,-21,-26,-54,-33,-40,-10,-34,-165,-13,-10,-29,-21,-24,-162,-40,-53,-20,-8,-29,-16,-6,-20,3,-18,-27,-5,-27,5,-18,-6,-4,-4,-14,-9,-7,-27,-11,-4,-2
2018-02-10,1,-30,-17,9,-14,6,-47,-13,-10,10,-25,-38,-13,5,-13,4,-16,9,-26,-15,-30,-10,-18,-13,-24,-49,-34,-17,-27,-103,-7,-21,-29,-10,-21,-74,-33,-53,-11,-16,-54,-11,-6,-14,1,-14,-27,-8,-22,8,-19,-15,2,-10,-9,-7,-4,-21,-11,-12,-9
2018-02-11,-1,-226,-27,5,-7,6,-20,-7,-5,2,-20,-93,-82,0,-15,-5,-9,-5,-24,-13,-30,-5,-15,-5,-15,-50,-16,-37,-24,-81,-1,-19,-18,-12,-17,-34,-35,-53,-25,-28,-39,-18,-5,-16,0,-18,-22,-31,-16,2,-20,-25,1,-1,-7,-5,-2,-13,-7,-19,-8
2018-02-12,-4,-107,-30,-9,-6,-29,-15,0,-4,-4,-8,-51,-59,8,-5,-5,-10,-16,-33,-10,-18,0,-38,-4,-18,-60,-44,-17,-22,-74,-28,-23,-29,-9,-16,-27,-23,-49,-28,-20,-25,-18,-20,-75,7,-19,-11,-40,-12,-4,-5,-21,-4,-17,-10,1,-5,-12,-5,-12,1
2018-02-13,-25,-58,-24,4,-23,-12,-19,-21,7,-1,-10,-32,-41,14,-6,-10,-2,-10,-23,-17,-19,-7,-13,5,-14,-86,-47,-43,-14,-63,-14,-16,-38,9,-14,-22,-22,-49,-42,-20,-16,-14,-13,-49,-14,-19,-8,-34,-7,-2,-11,-18,-2,-11,1,-10,-3,6,-2,3,-2
2018-02-14,-26,-51,-39,-45,-17,-13,-12,-15,1,4,-16,-13,-26,-6,-11,-23,2,-6,-23,-13,-22,-8,-6,-18,-3,-77,-37,-40,-14,-47,-1,-14,-33,-38,-9,-13,-21,-46,-42,-21,-17,-10,-9,-44,-35,-11,-11,-33,-6,5,-28,-16,-14,-10,2,-19,-23,7,7,-8,4
2018-02-15,-17,-14,-49,-26,-13,2,-12,-8,-4,11,-5,-21,-21,-5,-28,-17,-8,0,-20,-10,-20,-50,-16,-24,-2,-64,-41,-30,-20,-40,-1,-32,-28,-34,-11,-9,-14,-40,-31,-19,-14,-11,-10,-34,-16,-4,-19,-36,-1,4,-22,-20,-22,-27,-26,-56,-10,18,2,-3,1
2018-02-16,-10,9,-48,-14,-30,-23,-5,-6,-2,3,-53,-24,-20,6,-38,-12,-2,4,-23,-6,-21,-66,-16,-89,-15,-35,-38,-15,-11,-31,-9,-29,-33,-80,-3,-4,-7,-39,-26,-7,-24,0,-5,-21,-5,-9,-15,-26,-12,-6,-19,-14,-17,-33,-15,-24,-7,-13,6,-28,1
2018-02-17,-5,-18,-74,-15,-26,-33,3,-3,2,12,-60,-20,-12,3,-31,-25,-24,-7,-19,3,-15,-43,-1,-42,-1,-24,-27,-6,-24,-27,-7,-27,-18,-66,-4,0,-27,-24,-14,-15,-34,-19,-19,-23,-5,-6,-12,-21,-13,-8,-22,-15,-11,-23,-6,-9,-20,-17,-27,-36,-15
2018-02-18,-18,-34,-33,-34,-60,-14,9,-2,4,9,-37,-35,-6,-6,-28,-35,-18,9,-21,-9,-14,-35,4,-43,3,-33,-30,-17,-13,-42,-6,-26,-8,-50,1,-16,-50,-18,-11,-3,-21,-58,-85,-14,1,-8,-2,-17,-46,2,-17,-16,-6,-9,-5,-1,-17,-11,-43,-39,-16
2018-02-19,-25,-34,-32,-24,-28,-6,16,-2,2,3,-23,-30,5,0,-24,-34,-12,8,-10,-16,-6,-33,-14,-30,0,-34,-18,-3,-6,-29,-1,-24,-5,-54,-1,-5,-30,-24,-12,-13,-7,-35,-77,-6,1,-17,-3,-15,-26,-1,-10,-22,-3,-11,-24,-39,-14,-63,-22,-28,-15
2018-02-20,-29,-37,-9,-32,-25,3,14,5,11,-16,-15,-33,-2,3,-19,-28,-7,10,-6,-10,0,-35,-17,-14,-8,-25,-45,9,-28,-39,-21,-12,-21,-53,-2,-65,-26,-30,-13,-11,-5,-26,-43,-1,5,-7,-12,-12,-24,-19,-7,-15,-1,-2,-18,-30,-11,-58,-15,-21,-13
2018-02-21,-32,-44,-6,-21,-25,1,0,-28,-6,-8,-15,-36,-4,5,-25,-21,-31,-13,-5,-10,-3,-29,-52,-4,-9,-21,-55,-16,-14,-41,-28,-21,-17,-39,1,-106,-25,-50,-7,-7,-10,-10,-25,-2,-6,-6,-11,-3,-26,-19,-4,-14,1,-1,-15,-21,-8,-44,-11,-12,-2
2018-02-22,-32,-32,1,-9,-20,0,2,-13,2,-8,-19,-20,2,7,-12,-13,-71,-11,-1,-7,-9,-40,-60,7,8,-50,-41,-12,-16,-48,-24,-91,-11,-32,2,-75,-33,-94,-5,-11,-19,-7,-12,0,-1,-2,-6,-4,-2,-20,-4,-9,0,-6,-9,-10,-18,-35,-6,-1,-11
2018-02-23,-25,-32,-19,-12,-12,-3,6,-11,-3,-24,-26,-14,2,17,-11,-4,-60,-21,-20,-5,-10,-18,-37,-4,-6,-70,-29,-8,-10,-55,-19,-74,-5,-52,-12,-48,-25,-50,-12,-16,-16,-11,-21,1,-15,-6,-5,-3,12,-14,-6,-9,-6,-11,-7,-9,-18,-21,-17,-3,-3
2018-02-24,-94,-16,-2,-4,-16,-8,6,-1,-11,-13,-28,-14,0,13,-22,-48,-51,-21,-19,4,-14,-14,-44,-12,-8,-43,-31,-3,-19,-46,-16,-42,-10,-70,-7,-42,-12,-37,-3,-26,-16,-10,-15,-15,-3,-2,-6,-16,10,-12,-5,-6,-12,-7,0,-6,-13,-27,-33,-9,-15
2018-02-25,-40,0,-59,2,-7,0,6,-8,-8,-7,-16,-10,-3,7,-43,-47,-42,-18,-17,8,-15,-1,-35,-4,-50,-48,-23,-6,-17,-41,-13,-36,-7,-71,-7,-106,-9,-37,-1,-33,-15,-5,-18,-20,6,-3,-3,-7,-1,-5,-6,-8,-9,-6,0,-3,8,-12,-18,4,-13
2018-02-26,-20,8,-84,11,-3,8,6,-17,-3,-4,-24,-4,-2,-20,-46,-28,-39,-16,-7,7,-17,-36,-49,-22,-48,-39,-17,-10,-10,-42,-8,-32,-3,-55,-9,-89,-5,-29,-24,-26,-17,2,-10,-17,1,-16,-3,4,-3,-8,-8,-8,-4,-8,-4,-5,-2,-3,-10,-2,-5
2018-02-27,-13,5,-49,-7,4,-20,10,-11,-2,1,-12,-5,-16,-19,-27,-17,-39,-14,-1,-18,-9,-44,-56,-18,-51,-30,-7,-28,-1,-41,-4,-25,-4,-52,0,-101,-3,-22,-34,-21,-29,1,-8,-14,-16,-9,-46,7,-1,-6,-3,-10,-8,-2,0,-14,3,-19,5,3,-5
2018-02-28,-4,-2,-59,2,-14,-9,12,-7,0,3,-2,-37,-35,-20,-23,-21,-30,-19,0,-28,-8,-52,-44,-17,-37,-14,-2,-11,-55,-40,-18,-14,-3,-56,-18,-66,-27,-17,-46,-25,-54,-10,-12,-23,-6,-11,-35,-15,-1,-5,-25,-25,-10,5,7,-29,2,-57,-2,5,-14
2018-03-01,1,-4,-60,-18,-11,1,-5,-7,-1,6,-4,-36,-22,-35,-12,-1,-28,-11,-14,-21,-2,-46,-37,-3,-39,-24,-5,-25,-30,-38,-10,-1,-9,-46,-16,-50,-18,-20,-41,-9,-33,-18,-69,-23,-5,-48,-31,-14,-1,-5,-22,-36,-6,5,-23,-19,-34,-33,-26,7,-17
2018-03-02,-160,-7,-49,-29,-8,-6,3,2,4,12,-6,-29,-25,-23,-6,-18,-38,-10,-12,-22,-5,-40,-37,3,-54,-166,-129,-58,-27,-32,-9,-3,-36,-38,-21,-29,-29,-21,-34,-7,-27,-24,-48,-18,0,-15,-25,-17,-6,-1,-15,-27,-6,-4,-35,-31,-27,-19,-30,4,-38
2018-03-03,-91,-8,-39,-26,-1,-3,5,10,-10,7,4,-34,-12,-13,-10,-22,-32,-11,-1,-27,1,-36,-31,5,-36,-67,-70,-41,-27,-28,-2,4,-60,-22,-9,-17,-45,-38,-26,-8,-26,-19,-37,-7,-4,-21,-22,-8,1,0,-8,-25,4,-9,-21,-29,-21,-14,-15,0,-31
2018-03-04,-49,-41,-36,-23,7,-1,6,-38,-41,-1,2,-40,-6,-20,-24,-18,-25,-7,-1,-19,5,-14,-45,5,-41,-27,-52,-31,-13,-33,-6,-24,-49,-17,-4,-2,-35,-12,-32,-19,-21,-20,-35,-1,-18,-8,-48,-3,4,1,-4,-21,-9,-15,-21,-31,-17,-7,-4,-3,-27
2018-03-05,-38,-39,-35,-15,-3,-1,5,-35,-6,-3,-9,-41,-3,-11,-15,-12,-11,-12,-24,-15,1,-16,-36,-4,-109,-38,-47,-13,-24,-33,-13,-17,-41,-24,-32,-14,-21,-9,-44,-15,-12,-4,-30,-1,-35,-22,-29,-1,-2,2,-7,-23,-6,-9,-16,-29,-8,-5,1,3,-21
2018-03-06,-35,-40,-23,-3,-71,-17,4,-28,-4,3,-9,-31,-11,-31,-11,-8,-18,-17,-22,-20,-1,-16,-53,2,-96,-19,-48,-33,-25,-51,-13,-34,-34,-39,-35,-8,-14,-22,-26,-9,-24,9,-27,-9,-14,-21,-39,6,-27,4,-17,-16,0,-6,-4,-23,-2,-6,-1,-6,-25
2018-03-07,-26,-33,-21,5,-18,-13,8,-22,-4,7,2,-24,-18,-42,-6,-37,-18,-12,-10,-28,-7,-14,-42,-1,-62,-6,-33,-34,-26,-58,-25,-16,-33,-21,-23,-3,-36,-62,-13,-10,-19,-4,-44,-27,-10,-11,-29,4,-33,-27,-25,-16,0,-7,-11,-61,2,-4,-7,-59,-23
2018-03-08,-29,-32,-24,-1,-15,-5,-13,-20,1,12,5,-16,-22,-101,-2,-20,-7,-14,0,-39,0,-11,-29,-2,-49,-17,-24,-31,-24,-45,-17,-27,-24,-17,-24,1,-25,-69,-6,-11,-17,11,-27,-29,-6,-8,-20,1,-29,-6,-20,-10,-4,-7,-19,-32,3,-4,-4,-32,-17
2018-03-09,-31,-29,-13,5,-8,1,-6,-16,9,11,-5,-9,-17,-150,-6,-22,-8,-16,0,-24,-27,-59,-22,-1,-24,-32,-6,-27,-18,-29,-14,-19,-69,-10,-37,-6,-74,-64,-8,-7,-4,5,-36,-14,-6,-6,-20,-15,-25,0,-15,-47,-9,-1,-10,-98,2,1,-2,-23,-22
2018-03-10,-91,-27,8,-8,-50,-10,-19,-13,8,-2,-13,-12,-8,-74,-8,-16,-3,-12,-62,-29,-26,-43,-38,2,-16,-37,3,-18,0,-22,-15,-17,-55,-12,-34,-15,-48,-57,-30,-9,-2,-33,-45,-15,1,-10,-23,-52,-24,1,-13,-29,-4,-5,-34,-69,8,3,6,-22,-20
2018-03-11,-81,-29,19,-16,-41,-11,-17,-8,7,0,-1,-16,-20,-56,-4,-26,-2,-12,-56,-26,-20,-28,-77,5,-16,-27,-12,-25,-13,-17,-5,-18,-37,-8,-14,-19,-56,-58,-30,-28,-4,-68,-24,-37,1,-12,-16,-35,-12,-15,-10,-25,-2,-16,-61,-41,3,0,3,-5,-15
2018-03-12,-43,-81,-1,-18,-26,-14,-13,-20,9,4,1,-13,-54,-40,-14,-7,-14,-8,-43,-27,-31,-19,-32,7,-11,-14,-67,-21,-12,-15,-4,-14,-39,-21,-16,-14,-55,-48,-49,-23,-9,-46,-13,-19,0,-4,-7,-35,-7,-9,-5,-21,1,-16,-36,-38,9,-3,-3,-12,-19
2018-03-13,-29,-88,-4,-10,-15,-11,-8,-10,3,1,2,-5,-29,-32,-39,-9,-6,-4,-34,-20,-24,-29,-20,10,-11,-15,-66,-25,-7,-34,-4,-9,-190,-95,-35,-7,-37,-48,-41,-28,-20,-41,-13,-13,-15,-2,-11,-30,-4,-4,-21,-22,-22,-12,-17,-42,4,-18,3,-6,-4
2018-03-14,-12,-33,-1,8,-22,-1,-4,-8,-1,-69,-1,-6,-18,-23,-42,-4,-1,-9,-31,-19,-19,-18,-6,0,-51,-12,-40,-13,3,-27,-4,-5,-225,-50,-29,6,-31,-46,-34,-23,-10,-34,-12,-13,-9,1,-19,-29,-20,3,-15,-21,-16,-11,-13,-38,9,-10,5,-1,-6
2018-03-15,1,-34,8,-4,-17,4,-3,-9,1,-23,3,-25,-38,-23,-37,4,5,1,-29,-12,-13,-23,10,5,-49,-13,-27,-2,-14,-20,-4,-17,-110,-27,-8,12,-61,-56,-26,-19,-16,-43,-24,-6,-3,11,-22,-24,-8,7,-10,-25,-16,-5,-7,-47,1,-3,5,-31,2
2018-03-16,-26,-30,13,-81,-22,9,6,2,3,-15,15,-22,-23,-14,-26,-35,6,-26,-25,-11,-14,-30,-3,16,-32,-5,-21,-12,-7,-21,-8,-23,-85,-21,-3,-12,-47,-42,-25,-11,-9,-37,-8,11,4,12,-24,-18,-1,-2,-14,-15,-8,-4,0,-50,-14,-2,20,-30,-8
2018-03-17,-33,-29,8,-35,-20,11,4,-6,8,-6,14,-16,-38,-7,-26,-28,-1,-31,-23,-15,-22,-30,-12,11,-27,19,-19,-19,-2,-12,-9,-15,-96,0,-1,4,-36,-47,-11,-18,-13,-21,-2,12,5,8,-43,-16,-18,0,-12,-13,-5,-4,1,-43,-65,6,-73,-34,-1
2018-03-18,-23,-40,11,-17,-13,13,-2,-2,6,-5,-5,-11,-27,-16,-22,-22,-7,-15,-25,-11,-9,-34,-10,12,-34,4,-17,-24,-4,-18,3,-11,-64,-13,-9,-15,-31,-37,-9,-20,-15,-19,-2,9,-6,24,-38,-21,-10,-13,-8,-11,-1,-5,-5,-41,-55,-3,-106,-23,-1
2018-03-19,-19,-50,17,-9,-21,-2,-2,6,12,0,-24,-9,-8,-13,-22,-16,-54,5,-15,-8,1,-30,-11,17,-26,-6,-36,-15,-2,-20,-11,-11,-80,-38,-8,-8,-23,-40,-5,-20,-1,-12,-8,2,-33,-16,-19,-8,-20,-34,-5,-11,0,-3,2,-33,-36,1,-67,-30,2
2018-03-20,-20,-40,11,0,-20,-3,6,9,14,-6,-29,-14,-42,-13,-33,-13,-58,-6,-14,-4,-9,-19,-3,12,-23,-6,-37,-2,-3,-8,-2,-6,-65,-31,-17,4,-25,-26,-8,-30,4,-14,-14,6,-117,-7,-29,-7,-13,-29,-4,-12,-1,-9,-7,-24,-31,11,-53,-26,2
2018-03-21,-21,-36,10,-2,-11,-12,0,-4,4,-5,-20,-11,-31,-13,-16,-7,-51,-47,-7,-4,-11,-21,7,-32,-14,-17,-25,0,5,-16,-10,-3,-57,-107,-10,-17,-21,-26,-5,-31,1,-41,-4,16,-66,-5,-26,-10,-14,-25,2,-11,-7,-6,-5,-17,-41,-8,-37,-13,-3
2018-03-22,-39,-51,15,6,-13,2,11,-7,10,3,-14,-9,-27,-5,-11,-8,-45,-43,5,0,-16,-17,-18,-28,-11,-28,-24,-31,5,-30,-16,-1,-58,-74,-32,-38,-25,-23,1,-34,-19,-34,1,20,-30,-5,-23,-9,-1,-22,1,-6,-14,0,3,-12,-21,5,-34,-4,-18
2018-03-23,-22,-39,14,10,-7,6,11,-15,-11,-44,2,-2,-34,-6,5,-9,-48,-30,-13,8,-16,-28,-29,-13,-4,-14,-19,-31,-4,-23,-7,2,-74,-62,-12,-40,-13,-29,4,-29,-9,-20,8,1,-55,-9,-19,-8,8,-17,-8,-11,-8,1,-6,-16,-14,-2,-31,-5,-13
2018-03-24,-13,-37,8,10,-3,7,2,-17,-6,-46,3,-21,-164,-2,-7,-33,-45,-28,-4,-3,-23,-9,-28,-3,6,9,-14,-18,1,-25,0,1,-61,-41,-76,-34,-53,-25,6,-27,-10,-17,2,-3,-28,-78,-13,2,8,-8,-39,-5,-12,1,-1,-13,-11,2,-21,-2,-4
2018-03-25,-40,-28,-13,1,2,-1,7,-12,-7,-8,6,-25,-80,1,-15,-22,-47,-24,-3,15,-11,6,-30,10,-23,-6,-70,-38,1,-29,-4,-8,-37,-62,-194,-34,-34,-25,0,-38,-17,-31,2,-10,-21,-34,-2,12,-9,-11,-19,0,-12,3,-1,-11,-7,9,-12,-8,-6
2018-03-26,-29,-19,-68,6,9,7,6,-15,-7,-6,12,-21,-45,0,-17,-19,-39,-20,-6,-143,-20,-27,-45,-50,-58,1,-35,-18,-7,-29,-15,-52,-30,-71,-132,-20,-18,-21,-39,-26,-19,-20,-8,-1,-9,-26,2,2,-7,-6,-17,-16,-9,-4,-2,-4,-5,-8,-9,6,-1
2018-03-27,-33,-19,-194,6,-7,17,6,-5,-1,-13,-1,-34,-26,5,-13,-22,-39,-19,-24,-76,1,-75,-44,-28,-41,2,-14,-20,-11,-31,-18,-78,-12,-58,-85,-19,-21,-17,-46,-17,-15,-25,-1,1,-2,-14,-32,-7,-10,-14,-18,-38,-9,2,-1,-21,-15,-7,-13,4,-36
2018-03-28,-91,-13,-132,-2,-14,13,17,-1,0,-26,-11,-24,-17,-37,-6,-11,-32,-18,-32,-59,-24,-48,-44,-7,-28,3,-35,-44,-20,-25,-18,-65,-47,-53,-63,-20,-34,-23,-39,-18,-23,-20,1,1,-53,-4,-31,-24,-8,-10,-16,-41,-3,-10,2,-44,-24,-6,-8,-1,-35
2018-03-29,-54,-3,-115,-21,-1,-1,11,6,1,-28,-4,-30,-18,-37,0,-18,-31,-22,-26,-45,-7,-37,-83,-8,-37,-8,-53,-63,-3,-24,-12,-57,-85,-54,-35,-31,-31,-13,-31,-12,-35,-32,-13,4,-33,7,-53,-12,5,-6,-11,-29,0,-3,11,-15,-42,-7,-20,-11,-29
2018-03-30,-68,-24,-64,-22,-11,7,6,-20,5,-18,-3,-37,-23,-30,-6,-41,-28,-25,-14,-30,-6,-43,-69,-28,-35,-11,-34,-51,2,-17,-9,-52,-76,-106,-48,-29,-32,-21,-19,-3,-32,-30,-36,-3,-11,-5,-50,-12,-9,-5,-8,-26,-1,-8,4,-8,-36,4,-13,-10,-26
2018-03-31,-46,-31,-44,-70,14,18,9,-19,4,-11,-8,-34,-11,-37,-34,-20,-32,-19,-13,-26,-1,-30,-40,-22,-47,-22,-41,-38,-5,-9,-7,-34,-90,-69,-36,-16,-23,-15,-8,-3,-18,-18,-31,-39,-211,-12,-57,-8,2,-5,0,-20,1,-9,0,-1,-20,0,1,-7,-29
2018-04-01,-48,-34,-48,-212,-8,3,-1,-20,5,-5,-4,-44,-19,-42,-31,-20,-92,-24,-6,-137,-1,-29,-50,-24,-50,-8,-38,-50,-9,-15,-17,-39,-73,-33,-49,-8,-15,-13,-15,-10,-4,-7,-25,-18,-137,-16,-44,-4,0,-1,-31,-19,5,-16,-5,-13,-23,1,6,0,-21
2018-04-02,-39,-35,-34,-154,-16,2,3,-47,5,-16,-16,-26,-29,-28,-20,-25,-110,-17,1,-70,-5,-24,-63,-14,-31,-61,-28,-42,-18,-16,-10,-46,-55,-7,-45,-2,-11,-41,-41,-5,-16,0,-13,-40,-72,-22,-40,5,8,8,-31,-12,-1,-21,-27,-29,-14,4,-4,-6,-14
2018-04-03,-33,-24,-32,-105,-43,-3,8,-28,11,-11,-4,-26,-41,-24,-22,-4,-66,-30,4,-76,-10,-39,-53,2,-13,-75,-21,-57,-12,-23,2,-43,-43,-22,-53,-44,0,-65,-14,-1,-14,-4,-14,-24,-29,-14,-27,-25,8,10,-21,-1,1,-14,-26,-22,-13,5,-9,-30,-6
2018-04-04,-40,-32,-20,-73,-17,-3,14,-25,10,-7,-1,-28,-31,-13,-28,-6,-49,-35,-1,-54,-23,-58,-129,-1,-16,-50,-21,-64,-17,-16,-4,-90,-64,-20,-50,-43,-29,-72,-11,-18,-16,-11,-10,-38,-15,-9,-38,-40,-3,-3,-23,-5,5,-18,-21,-9,-15,7,-9,-17,-21
2018-04-05,-29,-52,-10,-52,-8,0,-13,-20,2,-4,-15,-26,-25,-6,-25,-18,-37,-13,-7,-49,-20,-58,-30,-1,-10,-37,-15,-84,-12,-13,-13,-58,-75,-18,-48,-22,-114,-53,-12,-11,-21,-2,-14,-34,-32,6,-40,-19,-44,-55,-16,-19,4,-33,-12,-39,-8,6,-2,-12,0
2018-04-06,-43,-37,-2,-46,-5,-1,-8,-11,14,-7,-11,-55,-17,-29,-23,-12,-32,-17,-9,-43,-37,-33,-36,-1,-7,-30,-23,-56,-5,-14,-7,-60,-45,-7,-30,-27,-45,-53,-3,-5,-13,0,-17,-66,-19,4,-23,-45,-22,-35,-15,-22,2,-70,-26,-10,-7,2,-3,-10,-7
2018-04-07,-12,-41,-8,-50,2,-33,-6,-11,-4,-15,-6,-24,-36,-17,-13,-15,-24,-14,-9,-38,-53,-19,-20,-14,2,-10,-19,-34,-7,-10,-10,-38,-58,-6,-32,-24,-37,-53,-83,-2,-19,-1,-25,-161,-31,3,-10,-24,-18,-20,-11,-16,2,-47,-23,-24,-9,-4,2,-6,-5
2018-04-08,-21,-22,-36,-52,7,-29,1,-8,8,-7,-6,-16,-19,-18,-13,-9,-19,-10,-27,-34,-41,-10,-12,-8,-3,-8,-14,-66,-6,-11,-7,-23,-48,-4,-26,-16,-37,-53,-76,9,-16,-5,-8,-66,-34,3,-15,-21,-9,-9,1,-14,7,-34,-12,-14,-7,-7,7,-24,-8
2018-04-09,-30,-14,-47,-38,-2,-21,-3,-12,0,-1,-3,-2,-27,-19,-54,-7,-20,-4,-39,-25,-40,-7,-14,-24,-12,-10,-12,-50,-29,-17,-6,-21,-40,-18,-35,-4,-32,-53,-54,-13,-15,-11,-3,-37,-53,10,-22,-14,3,-41,4,-16,-12,-33,-29,-7,-4,-6,6,-5,-15
2018-04-10,-89,0,-67,-27,-7,-24,-2,-6,3,1,-2,-5,-23,-9,-53,-4,-13,-5,-33,-24,-30,3,-13,-35,-4,-71,-8,-20,-21,-33,-8,-24,-32,-154,-15,1,-42,-45,-48,-13,-2,-12,-5,-51,-33,17,-22,-9,5,-38,-1,-13,-9,-21,-11,-8,4,-2,-30,0,8
2018-04-11,-40,15,-52,-50,-14,-27,4,-10,7,5,-3,2,-20,-14,-44,-12,-46,-9,-30,-13,-30,-62,-1,-37,-4,-76,-4,-24,-19,-23,-6,-17,-10,-132,-5,5,-15,-56,-40,-10,-39,-20,-16,-32,-64,13,-15,-14,4,-24,-2,-13,-9,-23,9,1,4,-1,-54,3,-1
2018-04-12,-22,19,-28,-54,-12,-18,5,-4,0,12,-6,11,-8,-8,-34,-11,-21,0,-26,-18,-21,-52,-5,-45,-108,-35,-3,-15,-9,-28,0,-17,-1,-108,-4,14,-18,-43,-38,-26,-19,-23,-6,-18,-131,-1,-7,-12,-36,-15,-12,-13,-10,-35,-23,-12,-1,-60,-15,-9,-4
2018-04-13,-21,17,-12,-38,-1,-14,-9,4,4,-14,3,-15,-28,-1,-28,-23,-40,2,-31,-12,-16,-27,-8,-47,-189,-18,-16,-14,1,-19,-2,-14,-31,-91,-4,8,-31,-40,-28,-18,-15,-3,-3,-15,-61,-23,-6,-10,-27,-2,-11,-8,-11,-25,-29,-36,-2,-37,-4,-38,1
2018-04-14,-1,6,0,-29,-28,0,-8,2,11,-15,14,-19,-32,1,-34,-18,-79,6,-24,-15,-14,-60,-2,-22,-92,1,-31,0,-11,-14,-6,-12,-24,-85,5,13,-35,-44,-22,-30,-11,-10,-3,-3,-43,-10,-11,-4,-23,-63,-2,-11,-5,-13,-15,-22,13,-19,-4,-37,-15
2018-04-15,0,-22,-10,-22,-66,13,-15,1,3,-7,10,-12,-26,1,-82,-17,-48,9,-18,-13,-21,-48,-16,-32,-42,0,-45,-9,-3,-4,-6,-7,-70,-65,6,10,-41,-38,-14,-33,-1,2,0,0,-32,-9,-11,0,-19,-48,-11,-5,-4,-25,-7,-10,-1,-11,-29,-14,-6
2018-04-16,-28,-35,-5,-33,-34,3,0,-4,11,5,-2,-11,-23,-21,-51,-14,-61,13,-12,-2,-11,-28,-25,-25,-30,5,-34,6,6,-12,-2,-10,-40,-44,12,12,-30,-43,-7,-23,-9,8,12,-48,-24,-7,-14,-17,-15,-39,-5,-19,-4,-15,4,-8,-2,2,-51,-18,-1
2018-04-17,0,-47,-5,-39,-23,1,3,-10,21,5,-11,-13,-37,-41,-33,-7,-58,8,1,-5,-28,-16,-13,-17,-49,-21,-28,8,0,-12,-2,-5,-43,-73,7,9,-12,-105,-7,-35,-44,-9,-53,-24,-20,-38,-26,-7,-5,-26,-12,-14,-2,-15,2,-13,-8,-3,-47,-19,3
2018-04-18,-22,-56,3,-35,-14,-6,3,-5,-80,2,-12,-6,-30,-28,-19,-35,-51,-48,0,-1,-18,-23,-5,-8,-20,-19,-18,14,3,-7,3,-11,-25,-69,-2,2,-19,-50,-4,-30,-36,-10,-22,-9,-71,-105,-18,-12,-7,-28,-15,-10,-9,-10,1,-20,0,2,-22,-7,14
2018-04-19,-87,-32,5,-18,-6,0,7,-12,-53,9,-33,1,-16,-41,-18,-20,-49,-39,0,-2,-60,-30,-3,5,-59,-9,-21,30,-18,-10,-12,1,-9,-38,-3,-26,-13,-30,-10,-26,-34,-3,-21,-8,-41,-82,-9,-8,-1,-18,-11,-8,-3,-7,-3,-11,1,-1,-21,-3,-3
2018-04-20,-40,-26,10,-11,-7,4,2,-8,-39,1,-19,3,-10,-28,-9,-7,-51,-26,-12,3,-43,-38,4,-2,-80,-12,-25,-1,-54,-2,-19,-4,-19,-36,6,-33,-20,-19,-12,-30,-23,-11,-24,-14,-21,-107,-6,7,-14,-9,-3,-5,-3,-10,-12,-13,5,5,-3,-4,-23
2018-04-21,-32,-12,-7,-1,-2,11,0,-11,-27,-1,-23,11,-6,-87,-26,-37,-53,-20,-16,-1,-35,-26,-7,4,-77,-15,-24,-1,-110,-3,-8,0,-4,-50,12,-14,-29,-15,-10,-26,-34,-10,-17,-4,-2,-50,-30,5,-8,-3,1,-7,-2,-9,-2,-6,9,-13,-19,6,-10
2018-04-22,-8,-15,2,-2,-2,-35,-1,-3,-18,-2,-22,-3,9,-75,-51,-17,-55,-29,-16,-19,-29,-11,-64,13,-65,-12,-26,1,-46,-9,1,-62,-2,-33,-4,-26,-10,-12,-9,-21,-53,-8,-6,0,-55,-41,-30,14,-2,-29,3,1,-2,-6,-7,-27,7,-8,-12,4,-38
2018-04-23,0,-9,-13,5,-17,-23,-17,2,-9,-5,-6,-16,0,-52,-29,-17,-49,-26,-12,-13,-21,-16,-49,9,-61,-2,-8,8,-33,-4,3,-35,-25,-66,4,-13,-8,-9,-34,-17,-18,1,0,1,-58,-40,-27,-6,6,-19,-19,-30,0,-19,-4,-16,16,-3,-6,1,-37
2018-04-24,-6,-25,-63,-100,-12,-6,3,8,-6,-2,-28,-13,5,-42,-19,-4,-40,-15,-12,-18,-14,-54,-33,-4,-42,7,-31,-2,-34,-6,-7,-23,-16,-74,-2,-22,-1,-13,-35,-13,-20,-39,-1,-26,-29,-31,-31,-5,-3,-16,-4,-29,6,-21,1,-76,-26,-9,-8,-4,-33
2018-04-25,-17,-3,-36,-82,-13,-3,13,2,1,2,-15,-1,-2,-32,-14,2,-39,-18,-6,-19,-28,-36,-102,0,-34,-41,-40,-8,-29,-11,-3,-15,-16,-53,-18,-14,1,-7,-32,-10,-4,-29,2,-26,-7,-24,-42,-8,1,-12,-5,-22,-3,-8,-8,-51,-22,-11,3,-1,-26
2018-04-26,-28,15,-28,-59,-6,-10,9,-10,1,8,-3,-22,-2,-30,-5,11,-36,-9,-6,-9,-14,-29,-60,-1,-50,-39,-32,-74,-23,-6,5,-5,-101,-41,-13,-10,5,-5,-9,-1,-5,-39,0,-7,-6,-8,-29,-2,3,-8,-3,-25,1,-3,-6,-33,-22,-14,8,0,-20
2018-04-27,-35,2,-35,-45,-1,-12,4,-15,-5,11,2,-26,1,-26,-15,7,-45,-13,-2,-4,-8,-24,-47,9,-74,-16,-23,-58,-41,5,-3,-4,-77,-42,-54,-7,-2,2,-25,-3,-3,-28,-14,-5,-3,-4,-16,9,5,-6,-7,-17,-5,-5,-4,-18,-16,-1,-4,-1,-19
2018-04-28,-30,-37,-31,-119,-8,-5,13,-27,2,10,5,-20,-42,-20,-18,-37,-27,-12,4,-6,-6,-32,-63,7,-39,-25,-13,-37,-67,-10,-6,-19,-66,-50,-54,-8,8,0,-23,-7,4,-21,-27,-25,-3,-24,-30,6,10,-11,-28,-16,3,-3,1,-15,-7,-5,-12,0,-15
2018-04-29,-31,-38,-42,-81,-1,-5,15,-20,7,-3,8,-19,-35,-19,2,-53,-53,-15,7,-12,-20,-21,-55,12,-45,-28,-44,-29,-44,-8,3,-16,-50,-68,-78,6,14,2,-21,-1,3,-13,-22,-11,-18,-20,-26,1,7,-8,-23,-19,3,-8,-6,-19,-5,7,-3,9,-11
2018-04-30,-15,-25,-40,-139,-2,-1,22,-9,2,-10,10,-11,-41,-25,-4,-38,-40,-17,7,-22,-18,-29,-45,6,-18,-46,-43,-31,-32,-4,12,0,-43,-56,-57,3,0,4,-12,1,-11,3,-21,-16,-14,-3,-44,-4,-18,-4,-28,-9,-2,-9,-32,-12,-4,-42,4,7,-4
2018-05-01,-24,-24,-30,-109,-9,-6,-17,-29,6,-10,8,-12,-25,-15,1,-27,-23,-5,6,-11,-17,-71,-29,8,-17,-31,-24,-48,-35,0,13,-10,-27,-26,-35,7,-15,-23,-2,-4,-19,-1,-18,-19,-2,-5,-52,-15,-26,1,-20,-6,1,-6,-29,-11,-47,-14,4,0,4
2018-05-02,-10,-22,-13,-73,-18,-8,-8,-20,8,-15,-5,-15,-18,-12,-29,-22,-19,-3,-8,-26,-52,-119,-38,9,-19,-30,-14,-35,-49,-23,-3,-9,-43,-15,-55,0,-1,-49,-27,2,-36,-36,-17,-27,6,-2,-25,0,-11,5,-16,-12,2,-24,-35,-12,-37,-5,3,-21,7
2018-05-03,-14,-5,3,-43,-7,-6,-2,-11,6,-7,-97,-7,-21,-4,-13,-15,-15,-16,-18,-76,-48,-89,-21,10,-10,-47,15,-3,-17,-54,-2,-9,-28,-20,-32,4,-5,-57,-48,4,-24,-54,-14,-14,6,1,-16,3,-16,10,-10,-9,2,-45,-25,-12,-19,4,-5,-14,7
2018-05-04,-23,-7,7,-26,-4,8,-17,-3,14,-18,-56,-6,-15,-6,-14,-8,-19,-11,-9,-47,-8,-114,-19,9,-6,-26,-26,-10,-21,-25,-1,-15,-28,-21,-21,-13,1,-38,-44,-3,-19,-119,-4,-17,4,3,-6,-1,-14,-13,-6,-10,-3,-33,-18,-6,-18,-29,-2,-6,11
2018-05-05,-7,-3,-34,-17,-10,22,-6,0,-17,-7,-39,-2,-10,-11,-4,-2,-18,-20,-20,-28,-25,-56,-9,20,-1,-18,-17,-25,-8,-33,2,-9,-66,-11,-12,4,-1,-39,-46,-10,-15,-94,7,-13,3,10,13,0,-1,-23,-5,-15,4,-23,-18,-2,-16,-16,-2,-1,6
2018-05-06,-10,-8,-1,-37,-20,-9,-1,0,-6,-10,-26,11,-11,-12,-30,-6,10,-5,-31,-24,-24,-40,-1,-10,5,-7,-12,-25,-15,-73,8,-107,-36,-9,-4,13,-2,-42,-35,-7,-15,-64,-3,-14,9,2,-8,-1,12,-14,3,-16,1,-22,-14,4,2,-7,-8,-6,13
2018-05-07,-3,9,12,-52,-13,-23,4,-3,-2,-2,-24,-40,-5,2,-44,-8,-5,-7,-16,-25,-19,-33,-6,6,7,-1,-5,-9,-12,-43,-13,-55,-57,-2,5,18,-9,-48,-35,5,-9,-41,-7,2,-19,-5,-31,-8,8,-29,-4,-8,-8,-21,-9,10,-6,-2,-4,-6,2
2018-05-08,13,18,-15,-75,-10,-7,3,5,-2,2,-19,-30,5,4,-27,-1,-8,-7,-13,-10,-10,-18,2,-9,15,4,-6,2,-7,-25,-2,-39,-37,0,2,-49,-42,-40,-42,-8,-6,-43,-2,18,-20,-19,-27,-4,-76,-17,-14,-7,-19,-23,-7,13,-5,-25,-3,-53,3
2018-05-09,-20,14,-7,-57,-13,-2,-1,8,-15,0,-13,-37,-3,-4,-27,-15,-10,-11,-16,-12,-10,-70,1,-14,-61,5,-1,-4,-11,-16,7,-29,-18,-24,1,-15,-42,-30,-27,0,-9,-43,6,-1,-50,-11,-28,1,-49,-10,-9,-2,-13,-15,-3,-25,-2,-20,8,-42,9
2018-05-10,-9,-10,-4,-45,-7,3,-7,1,-12,10,-6,-12,-2,-3,-26,-20,-3,-4,-25,-4,-15,-48,3,9,-44,16,7,-22,0,-11,6,-26,-9,-38,-10,-163,-59,-38,-18,-4,-3,-36,4,-10,-55,2,-56,4,-41,3,-8,4,-11,-7,-2,-21,3,-14,-9,-27,10
2018-05-11,3,-5,-1,-46,-4,3,-7,-39,-3,13,-7,-3,-2,6,-22,-10,-5,1,-11,-9,-25,-56,-8,-18,-96,11,-13,8,-3,-2,2,-22,-1,-59,5,-123,-33,-32,-15,1,-5,-31,1,-1,-35,-39,-35,7,-24,-16,-2,1,-11,-4,-12,-20,1,-20,-33,-18,16
2018-05-12,3,9,-30,-42,-10,0,-4,-12,-1,5,-6,-16,8,-7,-9,-11,-2,6,1,-13,-44,-44,-3,-46,-49,8,-39,9,-14,-13,3,-13,-23,-47,10,-69,-35,-29,-15,5,1,-37,12,-16,-36,-59,-22,-7,-23,-21,1,3,-7,-8,-7,-13,1,-14,-27,-13,10
2018-05-13,-16,-17,-44,-24,-20,4,-12,6,3,6,-16,-8,-37,-17,-16,-10,-10,14,10,-4,-24,-32,6,-20,-26,12,-40,-5,-21,-6,16,-10,-14,-23,-12,-71,-27,-21,9,-7,4,-25,-23,-1,-27,-22,-21,-8,-30,-13,-1,-2,0,-8,4,-26,7,1,-54,-15,12
2018-05-14,1,-42,-28,-27,-16,-10,-11,-7,10,9,-11,-4,-40,-12,-18,-15,-72,4,-20,-7,-14,-23,1,-34,-21,18,-39,-13,-15,-8,3,-9,-6,-13,-43,-44,-12,-15,-1,-15,5,-18,-16,3,-25,-49,-25,1,-19,-11,3,-1,-3,-3,5,-14,-3,3,-25,-9,19
2018-05-15,9,-30,-27,-27,-4,-3,-9,-18,17,12,-22,-6,-99,-18,-28,-5,-43,-27,-6,-2,-25,-7,-2,-20,-76,11,-28,-17,-16,-10,-1,-7,-9,6,-10,-31,-8,-26,-1,-14,-63,-2,-3,6,-19,-43,-27,-8,-103,-10,2,6,-5,-9,4,-6,8,6,-18,-9,16
2018-05-16,5,-22,-58,-1,-19,-5,-2,-9,4,12,-6,-18,-66,-10,-7,-46,-32,-23,-1,0,-25,-10,0,-12,-91,8,-21,-5,-16,-15,2,-20,-2,16,2,-23,-15,-28,-36,-14,-41,-5,6,-9,-9,-27,-16,-3,-86,-6,2,2,-2,-1,-12,-8,-7,3,-10,-11,2
2018-05-17,11,-14,-23,-13,-9,-1,7,-9,-2,4,-17,-13,-45,-6,-49,-29,-34,-30,-7,0,-28,-12,1,-4,-54,8,-21,4,-6,-15,7,-37,-11,12,-53,-10,-15,-20,-52,-17,-40,-18,8,-52,-6,-12,-15,8,-67,-1,-5,-1,-4,-8,-10,-13,-13,0,-3,-5,1
2018-05-18,6,-16,-27,-16,-2,4,7,-4,6,2,-5,-13,-31,0,-64,-8,-27,-19,-4,8,-19,-12,11,3,-76,-2,-38,-1,-14,-3,9,-46,-8,-17,-34,-21,-6,-20,-33,-9,-23,-20,3,-21,0,-2,5,16,-52,-7,-2,3,2,-20,-5,-3,-40,2,0,-5,-4
2018-05-19,2,-13,-23,-10,6,3,7,1,6,3,-12,-12,-20,2,-34,-5,-23,-11,3,8,-12,-6,-30,3,-43,2,-14,-37,-27,0,12,-29,-1,-40,-13,-36,-13,-18,-35,0,-16,-21,-9,-8,-10,-34,-13,12,-30,-14,-4,-1,-7,4,-4,-5,-40,3,-22,-2,0
2018-05-20,-12,-3,-16,-2,-13,4,-2,2,16,3,-8,-24,-10,-13,-24,-4,-21,-15,-10,-26,-10,0,-27,0,-53,5,-2,-30,-11,-2,10,-14,-12,-46,7,-22,-11,-13,-30,-12,-9,-12,-2,-6,0,-13,-12,3,-42,-10,-5,-7,8,-10,1,-8,-11,1,-17,5,-23
2018-05-21,-6,1,-17,3,5,6,12,7,10,9,-2,-27,-24,-17,-12,7,-58,-7,-6,-8,-7,-4,-20,17,-34,7,1,-48,0,0,9,-7,-14,-30,21,-16,-3,-6,-21,-12,-8,-26,5,-3,5,-16,-16,1,-51,-8,3,-13,4,-11,3,-1,-11,9,-10,-5,-19
2018-05-22,8,11,-17,11,18,10,12,11,3,12,0,-32,-14,-11,-7,3,-38,-14,-3,-7,-4,-47,-48,22,-21,9,-36,-36,-1,7,18,-13,-7,-64,0,-59,7,-6,-8,-7,-2,-19,9,1,19,-7,-43,4,-34,-7,5,-15,-3,-4,-2,-9,-3,3,-3,-8,-14
2018-05-23,-2,17,-16,13,0,10,16,15,3,10,16,-19,-11,-3,-8,1,-31,-11,-4,-19,-2,-41,-31,4,-26,16,-50,-33,5,3,10,-3,-8,-53,-12,-42,1,-7,-5,3,-2,-24,12,13,18,-38,-28,3,-20,-7,-32,-11,-6,-3,-4,-32,-8,-13,6,-2,-13
2018-05-24,1,19,-35,-42,-3,15,20,-12,7,16,10,-29,-10,-6,-8,-12,-20,-23,0,-4,0,-34,-35,-10,-40,22,-40,-26,15,2,-19,-7,-68,-29,-23,-26,4,-20,-43,6,-6,-24,20,-91,4,-62,-27,-3,-9,4,-31,-12,-5,-1,-4,-14,-15,-18,0,1,-8
2018-05-25,6,30,-47,-34,-35,22,24,-11,11,12,-31,-17,-10,-11,-9,9,-6,-16,-3,-2,-2,-19,-36,-67,-50,28,-56,-28,12,-4,-26,1,-48,-36,-39,-14,12,-21,-26,0,-11,-23,-15,-60,5,-35,-25,-1,-5,4,-27,-9,-2,0,0,-11,-41,-9,5,6,-1
2018-05-26,-31,-21,-14,-31,-10,27,6,-8,17,-32,-240,-8,0,-1,-14,-6,-11,-11,-12,-4,-1,-18,-29,-46,-38,27,-31,-27,1,-11,-14,-13,-31,-29,-20,-9,13,-20,-20,-8,-2,-22,-3,-35,3,-20,-21,8,-1,-1,-24,-10,1,-1,-2,-11,-34,-7,7,12,2
2018-05-27,-16,-28,-5,-33,-10,6,14,-8,11,-55,-91,6,9,-4,-7,-6,-4,-6,7,-3,3,-10,-28,-21,-8,-31,-26,-23,1,-4,-42,-4,-41,-66,-32,-9,-4,-14,-15,-11,-51,-12,3,-22,12,-40,-24,11,1,0,-18,-6,-1,-5,-11,-1,-28,3,2,5,11
2018-05-28,-5,-29,11,-9,-4,-7,3,-2,13,-32,-73,4,-2,-51,-1,-1,-7,-10,3,-16,6,-7,-14,-1,-7,-42,-17,-24,8,-6,-13,6,-29,-28,-28,-2,-14,-21,-14,-3,-22,-3,-4,-22,-9,-26,-34,5,5,-2,-19,-5,-3,6,-53,6,-26,1,2,-6,-77
2018-05-29,-3,-60,13,-17,3,-3,-4,-1,14,-23,-96,-10,-1,-46,10,-6,-1,-1,-1,-14,9,2,-3,3,-6,-30,2,-21,3,1,-40,2,-25,-12,-33,-12,-14,-44,2,19,-11,3,9,-24,-11,-19,-46,-10,-11,-7,-10,-6,-6,-51,-45,6,-18,-6,10,-7,-22
2018-05-30,-16,-41,31,-24,16,5,-5,1,18,-16,-52,-3,-2,-29,-3,10,7,8,-3,-22,8,-29,1,4,0,-23,4,-25,10,4,-18,0,-20,-14,-19,-16,-6,-44,-20,-4,-6,-22,11,-30,-5,-6,-75,2,-73,7,-7,-9,-1,-39,-30,1,-12,-4,10,-7,-19
2018-05-31,-12,-57,-3,0,-8,-13,2,7,18,-36,-77,-6,-9,-16,-7,-3,6,6,3,-17,4,-17,1,-13,3,-27,-1,-5,12,-13,-21,-9,-15,-13,-45,-7,3,-33,-31,4,-10,-17,4,-19,5,-5,-44,-1,-43,0,-2,-12,2,-36,-25,7,1,7,6,-3,-8
2018-06-01,4,-85,-10,-30,-13,-15,0,16,19,-36,-55,1,-8,-19,-15,-3,8,-12,11,-7,-2,-10,-3,-42,4,-16,-5,3,-9,-16,-11,-8,-17,-13,-44,-6,3,-32,-37,-2,-16,-4,15,-14,18,8,-24,0,-30,1,-1,-7,-4,-29,-23,7,-71,10,-10,-12,5
2018-06-02,12,-53,-10,-11,-12,-7,1,13,14,-18,-46,-15,-3,-11,-25,6,12,-5,-16,-4,-15,-7,0,-18,1,-16,0,1,-11,-11,-12,3,-25,-8,-49,-5,6,-31,-22,5,-10,1,8,-5,-14,-19,-46,-1,-16,-3,9,-11,3,-24,-27,9,-42,9,-1,-8,-5
2018-06-03,1,-26,-22,-2,-9,2,4,12,11,-11,-34,-8,-3,-19,-25,-1,-2,-6,-10,-1,-8,-30,9,-9,-3,-5,2,0,-2,-10,-3,4,-26,-2,-43,8,0,-27,-20,2,-19,-2,14,-11,-7,-22,-26,2,-15,-3,0,-1,9,-17,-14,-19,-27,5,-1,-2,-6
2018-06-04,-29,-2,-6,-43,-4,-11,6,7,4,-7,-35,-5,-6,-17,-13,5,-2,-5,-7,-11,0,-22,3,10,0,2,4,-25,3,-14,4,9,-36,2,-16,4,-44,-28,-17,6,-16,-17,9,-7,-6,-23,-26,5,-4,3,-4,-3,-6,-31,-3,-21,-22,1,1,4,-9
2018-06-05,-24,6,-13,-68,-3,-11,10,9,-1,6,-26,-5,3,-11,-15,-7,-10,0,-6,-12,-5,-40,20,-4,4,11,6,-19,2,-6,0,6,-16,4,-148,13,-44,-22,-11,3,-15,-7,11,-13,0,-15,-18,5,-29,8,-5,0,-13,-18,-25,-19,-16,-2,6,3,2
2018-06-06,-34,7,0,-40,5,-16,27,11,2,5,-100,-2,7,1,-16,4,-10,3,-5,-8,-3,-24,22,8,3,13,7,-8,-2,-4,-25,-18,-9,3,-114,11,-30,-23,-11,-2,-3,-9,14,-3,1,-9,-12,1,-22,-9,-3,1,-4,-17,-22,-20,-26,-3,12,-32,-2
2018-06-07,-20,-85,4,-20,-7,-4,-46,13,-1,0,-76,4,0,8,-7,-6,-9,6,-3,-6,-1,-18,-19,-2,-3,-18,0,-12,-18,-3,-20,-6,-59,-25,-66,4,-25,-24,-9,-2,-16,-31,17,-2,-1,-3,-12,-1,-27,-23,2,-7,-1,-17,-13,-14,-51,4,11,-15,2
2018-06-08,-11,-29,4,-26,-9,3,-15,6,7,-3,-41,7,8,-15,-12,-6,1,5,1,-8,2,-17,-12,-28,-34,-1,4,9,-26,-12,-16,-8,-17,-15,-29,-69,-20,-21,3,-1,-29,-29,12,-29,13,2,-23,-6,-15,-24,-2,-9,-3,-8,-32,-7,-18,-20,-42,-18,3
2018-06-09,0,-16,-8,-29,-3,0,-12,10,-15,1,-41,2,-11,-5,-11,-6,7,9,4,-10,7,-7,-9,-14,-12,22,-3,-8,-13,-6,-5,1,-56,-38,-41,-39,-20,-16,7,2,-62,-16,-4,-35,-1,-13,-28,-6,-8,-20,-12,-4,4,0,-31,-1,-7,-24,-34,-12,3
2018-06-10,8,-55,-10,-17,-1,-12,-2,-35,0,7,-31,-25,-17,-8,0,9,2,-3,1,0,-3,8,-12,-30,2,-32,-27,-11,-49,-12,5,-4,-108,-22,-78,-11,-9,-4,-5,1,-30,-10,-3,-41,-21,-18,-22,2,-6,-17,-8,0,4,-4,-14,0,-13,-6,-27,5,7
2018-06-11,12,-25,-4,-9,11,-3,7,-27,10,12,-20,-64,-1,-3,-8,14,-35,-4,-2,-38,-9,-22,-8,-50,1,-17,-18,-6,-20,-5,8,-8,-60,-13,-100,-25,-29,-16,-15,8,-7,-8,-1,-28,-5,-20,-15,0,1,-12,-12,4,4,-10,-18,-23,-12,0,-26,-7,4
2018-06-12,9,-17,-4,5,2,0,3,-16,11,-1,-22,-60,-24,0,-1,13,-26,-23,-2,-11,-10,-15,-4,-55,4,-25,11,-6,-21,5,-1,-3,-40,-31,-52,-25,-16,-17,-6,3,-5,-13,-3,-20,-2,-14,-2,8,-12,-11,-9,3,5,-7,-14,-37,-12,-4,-8,1,-4
2018-06-13,8,-4,6,5,1,4,2,-11,18,-3,-11,-62,-20,-7,-6,16,-20,-15,-8,-10,-16,-6,0,-54,3,-32,-71,-4,-13,-1,-3,9,-27,-92,-66,-25,-17,-12,-3,6,-5,-2,1,-17,-16,-12,2,23,-60,-5,-1,5,7,1,-8,-13,-8,12,-14,-1,-3
2018-06-14,6,0,10,-8,11,6,6,-6,17,-5,-22,-46,-9,-4,-18,15,-18,-15,-1,-1,-15,-3,3,-24,13,-26,-38,7,-6,3,-1,-20,-51,-55,-61,-8,-12,-11,-1,3,0,-27,7,3,1,-9,-15,4,-20,-1,-13,8,6,-7,-3,-8,-2,-1,-18,1,-4
2018-06-15,0,-10,2,-10,18,2,2,-1,4,3,-22,-24,-12,-12,-5,2,-13,-16,2,9,-8,-5,1,-10,9,-17,-40,22,-8,2,4,-14,-58,-53,-38,-8,-7,-13,-1,8,-1,-14,19,-14,0,2,-12,-2,-24,-13,-12,-23,-1,5,-6,-1,-4,1,-24,-8,5
2018-06-16,12,-17,-3,-6,3,1,5,-3,-42,1,-15,-18,-6,-8,-1,-2,-11,-9,-6,0,9,8,-15,-14,-14,-7,-21,-36,-4,9,6,-16,-39,-30,-26,-9,1,-10,-9,0,-1,-11,17,-7,4,5,-27,-3,-14,-21,-11,-14,7,-20,-4,16,-1,2,-23,-4,0
2018-06-17,8,-2,12,-2,7,9,-9,1,-46,7,-16,-30,-7,1,-6,-11,-15,-13,-3,6,-1,2,-13,-10,-17,-1,-7,-10,11,14,0,-16,-11,-14,-18,6,-1,-14,-9,-5,-8,-2,15,6,-1,1,-55,1,-28,-15,-7,-17,4,-18,2,-35,-5,-2,-33,-6,-15
2018-06-18,-10,11,2,7,3,15,-14,-1,-23,9,-17,-23,-7,-29,-5,-145,-25,-8,-3,-13,-12,4,-3,3,-6,9,-25,-9,4,3,-2,-3,2,-11,-46,-6,3,-23,-24,3,-6,10,15,0,-35,9,-80,5,-17,-16,-5,-15,3,-9,-6,-54,-10,-21,-24,-8,-18
2018-06-19,-28,18,12,-22,-9,15,-5,-1,-10,16,-6,-24,2,-26,5,-81,-22,-4,-5,-8,-8,4,-8,6,-10,-6,-21,-25,6,4,-13,-7,-4,-19,-45,-25,-4,-16,-20,-4,-20,3,13,3,-29,-2,-47,8,-12,-12,-7,-11,6,-5,-2,-35,-4,-15,-19,-6,-15
2018-06-20,-5,23,15,-17,9,21,-9,-12,-7,3,-6,-6,-6,-46,6,-51,-23,-6,-1,-8,-6,-12,0,7,-3,-14,-18,-30,7,9,-17,-23,-20,-6,-23,-12,-2,-19,-23,2,-13,-7,14,4,-20,-10,-22,14,-5,-6,-4,-15,11,-3,-3,-25,-6,-3,-9,1,-7
2018-06-21,-13,-34,12,-24,-32,21,3,-5,-2,3,0,1,-1,-46,9,-39,-18,-10,-7,2,-1,-23,-11,6,5,-2,-18,-17,1,3,-12,-10,-21,2,-21,-8,8,-14,-15,4,-6,-23,16,2,-21,-7,-38,13,0,1,0,-10,5,-2,-3,-15,-17,-9,7,0,-8
2018-06-22,-9,-45,17,-10,-51,1,4,1,-2,4,-1,-10,3,-9,7,-34,-8,-2,-4,6,5,-18,-21,5,9,-9,-21,-23,4,3,-7,-6,-8,-7,-26,2,4,-13,-15,4,2,-23,22,11,-12,3,-26,12,10,4,-13,-10,2,1,-7,-11,-23,-8,-24,4,-8
2018-06-23,0,-21,8,-10,-29,-1,9,-4,3,-1,3,-12,8,-4,-2,-37,11,10,4,11,-6,-15,-25,-3,8,-40,-27,-10,0,3,-4,-8,-3,3,-45,-11,20,-9,-11,9,-3,-12,9,3,-3,-14,-21,16,-46,2,-13,-6,15,-7,-15,-8,-25,-1,-134,1,10
2018-06-24,-4,-20,-27,-8,-19,-2,17,3,9,11,1,-2,-7,9,3,-24,-31,3,10,11,-4,-25,-16,9,12,-16,-12,-32,11,3,7,0,1,13,-53,-11,-7,-1,-6,1,-4,-13,7,-20,0,-4,-38,17,-32,6,-5,-4,14,4,-14,2,-33,1,-71,-19,-3
2018-06-25,-9,-15,1,-7,-10,0,2,-7,9,-15,1,4,-4,-9,-39,-23,-19,3,17,-13,2,-8,-5,-1,1,-27,5,-13,2,1,-2,-13,-5,5,-34,-12,-15,9,-4,6,-3,7,14,-7,2,-1,-23,14,-20,-3,-8,-10,-4,1,-8,-3,-26,6,-61,-13,-5
2018-06-26,-74,-5,-21,-20,-7,5,-10,-5,0,-4,-29,13,-3,-7,-24,-19,-9,0,11,-7,5,-48,-6,-15,-4,-22,5,-6,-10,8,-18,-19,-2,1,-29,-4,-7,-17,-25,8,-2,-43,12,-37,-2,-2,-5,14,-18,4,-1,-7,-6,-14,-10,-9,-12,1,-55,-4,-5
2018-06-27,-35,0,-11,-38,-12,-15,-4,5,-2,-2,-42,5,1,-27,-12,-18,3,-25,12,1,5,-34,-19,-17,-1,-32,2,-19,-12,-6,-5,-21,1,5,-21,0,-4,-24,-16,6,-9,-16,1,-31,-8,1,-18,5,-6,12,-2,-10,2,-14,-8,2,-9,3,-39,-11,-2
2018-06-28,-25,-18,-52,-26,-4,-9,2,4,2,7,-32,1,7,-29,1,-30,0,-20,16,-8,-4,-19,-3,-9,-14,-25,6,-29,-17,-29,5,-11,-3,-3,-18,-6,5,-13,-14,5,-17,-14,-18,-21,2,12,-21,17,-1,-6,-1,-7,1,-11,-2,-4,-33,3,-45,-6,1
2018-06-29,-3,-134,-55,-17,-31,-4,3,-1,9,3,-23,4,12,-17,-16,-26,-24,-14,16,2,-16,-4,7,-1,-48,-3,5,-9,-9,-16,9,-8,-32,4,-8,-37,10,-17,-6,0,-24,-7,-12,-24,11,5,-22,-3,-2,-9,7,-8,-16,-14,4,5,-83,6,-30,-3,2
2018-06-30,-61,-47,-56,-56,-14,-6,-2,4,-4,1,-20,-6,13,-10,-24,-21,-12,-11,-15,-8,-4,-54,4,-9,-13,-34,3,-9,-3,-14,5,-31,-36,3,-20,-52,-5,-19,-12,-7,-14,-3,-7,-7,4,-1,-17,3,2,-12,-9,-6,-13,-20,4,-13,-38,3,-18,2,7
2018-07-01,-123,-36,-36,-38,-6,0,1,12,-6,1,-34,-15,2,-6,-15,-9,-15,-9,-7,-22,-12,-24,6,-1,-22,-8,5,3,-10,-10,13,-19,-11,4,-12,-20,-16,-19,-31,3,-7,3,-4,6,0,-11,-12,4,5,-8,-3,-3,-8,-15,-29,-19,-31,-1,-10,-1,0
2018-07-02,-71,-12,-35,-29,0,5,6,18,-5,3,-25,-8,-1,-6,-13,-2,-12,-10,-1,-21,-18,-8,16,11,-14,-5,10,5,-5,-11,8,-7,-37,-2,-10,-22,-21,-31,-6,1,-3,-8,-8,10,3,-5,-15,4,-9,0,-1,-1,-8,-17,-11,-26,-17,6,-10,7,-9
2018-07-03,-60,-6,-3,-18,1,4,12,7,1,4,-14,-9,7,-22,-13,-2,-5,-4,1,-15,-13,2,23,2,-11,4,9,2,5,-10,14,-6,-21,3,-35,-10,-22,-19,-1,-8,1,-10,-18,7,7,0,-6,1,-6,1,3,4,-7,-10,-14,-19,-13,-6,0,7,-3
2018-07-04,-33,-17,8,-20,11,9,8,-9,3,4,-7,-9,13,-38,-15,-4,-5,-21,2,-13,-14,-30,-8,12,-18,6,8,6,-8,-8,7,-11,-4,17,-15,-1,-17,-18,1,-16,-3,-22,-5,12,8,8,-14,5,-1,4,-7,7,-6,-12,-16,-13,-3,-5,3,1,-5
2018-07-05,-59,-8,-11,-24,-41,-2,-1,0,11,-4,-31,-5,17,-20,-5,-3,1,-65,6,-11,-13,-74,4,-2,-4,25,15,-3,-19,-2,0,6,4,-4,-5,3,-10,-11,-1,-11,1,-13,6,0,5,15,-16,6,3,-27,-8,2,0,-7,-35,6,-6,2,-48,1,-5
2018-07-06,-42,2,-3,-19,-18,-1,-8,3,-8,4,-25,0,22,-19,3,1,3,-126,14,-6,6,-22,4,3,-13,29,12,-2,-11,4,-1,-3,-2,5,1,2,0,1,6,-6,-1,-18,-4,4,2,-24,-5,6,6,-22,-5,-3,-5,-11,-19,-7,-70,6,-35,11,1
2018-07-07,-23,13,-3,-8,-15,7,-3,4,-10,5,-23,-3,18,-11,9,-26,6,-70,-3,-10,-14,-18,-3,0,-11,2,0,1,-22,4,5,-15,-5,-1,2,6,0,-4,7,-7,-6,-16,6,6,5,-18,-17,10,5,-17,-7,-7,0,-6,-15,-7,-27,2,-21,2,-4
2018-07-08,-12,-95,-12,1,-13,4,5,-5,3,0,-13,1,13,-15,-8,-27,5,-48,-41,-6,-14,-18,-6,-10,-9,8,9,-5,-14,3,6,-14,4,-11,-17,16,9,-12,1,-7,-11,-5,-3,8,12,-7,-11,19,11,-15,-9,1,-8,-2,-13,9,-14,3,-15,-16,-2
2018-07-09,-8,-189,-13,11,-10,4,-3,-3,-4,-47,-3,10,3,-39,-11,-12,-3,-43,-27,-7,-12,-9,-2,-4,-3,4,3,-5,-18,-3,4,-4,10,0,-123,14,-5,5,1,-8,-14,-6,-8,6,-9,-8,0,19,-23,-10,-2,3,-2,-10,-8,-56,-1,-3,-8,-8,-10
2018-07-10,-2,-76,-8,7,-19,10,2,-10,-11,-37,9,-8,-1,-35,1,-12,6,-36,-18,-6,-13,-6,4,5,0,9,4,1,-7,-1,-4,11,3,16,-75,7,-4,2,5,-4,-14,-10,-2,7,-13,-3,12,17,-44,-5,9,2,1,-9,-10,-34,-42,-15,1,-4,-16
2018-07-11,7,-51,12,-1,-8,6,2,-3,-7,-19,-3,-14,7,-27,7,-5,7,-28,-10,-2,-14,-7,9,8,13,11,14,-7,5,2,-4,-1,-2,15,-46,14,-17,6,4,7,-8,-9,0,12,-17,5,-40,13,-46,-2,-24,8,-1,3,-10,-24,-40,-12,-18,-9,-10
2018-07-12,1,-31,-25,-7,-5,9,7,1,6,-29,-10,-12,2,-17,17,-11,5,-25,-8,7,-8,-2,17,9,-5,-27,5,-5,-40,13,2,-16,13,-11,-21,1,-15,12,21,-13,-1,-15,-13,-12,5,-11,-64,4,-52,-8,-19,-17,1,-3,-15,-21,-20,-16,-19,-16,-10
2018-07-13,5,-31,-14,-7,-3,3,8,-4,10,-13,-6,-10,-4,-12,4,-10,6,-22,-8,6,-4,-2,-5,-2,-7,-62,-18,-45,-25,4,7,-11,7,-21,-105,-17,-15,17,10,-4,1,-7,-4,-5,3,-11,-33,-4,-33,-16,-11,-15,6,0,-9,-15,-10,-6,-44,-8,-5
2018-07-14,12,-24,-19,-6,-81,-4,18,2,5,1,-9,-33,-5,-11,-1,-5,10,-27,-6,-2,-4,-35,2,1,0,-200,-12,-41,-35,3,6,-4,3,-4,-112,-17,-6,-3,9,7,4,2,8,-18,-7,-2,-20,1,-27,-9,-18,-12,-13,8,-8,-5,-49,13,-24,-4,3
2018-07-15,4,-27,-156,-50,-73,4,18,5,-2,10,-1,-15,0,-8,-3,-3,-1,-23,-11,5,-14,-19,-10,8,5,-104,1,-29,-21,17,-6,3,3,-11,-67,-8,0,-19,8,0,-13,11,-1,-72,-1,16,-29,9,-16,-21,-31,-12,-9,-18,3,-90,-48,-3,-11,-9,3
2018-07-16,-2,-21,-156,-112,-49,8,20,14,-4,6,-7,-2,1,-4,-2,-13,-9,-23,-8,-16,-24,-8,-4,12,5,-67,0,-27,-14,11,-20,-13,9,3,-38,-21,3,-29,4,-1,-13,-37,5,-173,-1,13,-58,15,-8,-7,-16,-11,-7,-13,3,-92,-23,-5,-18,-5,-27
2018-07-17,3,-22,-76,-71,-30,13,-15,5,7,-5,2,-5,1,-1,2,-13,-4,-14,-8,-13,-20,-4,5,8,-11,-67,-16,-32,-10,2,-21,-9,15,11,-65,-11,9,-24,-19,-7,-7,-31,12,-71,-13,0,-34,-39,-10,-5,-11,-9,-4,-6,1,-57,-2,-1,-13,-4,-48
2018-07-18,-2,-19,-127,-38,-74,14,-4,-18,19,1,1,-9,4,-5,3,-9,4,2,-5,-1,-20,3,-8,-8,-37,-56,-16,-23,-11,0,-15,-15,-22,-1,-48,3,13,-26,-16,-1,-9,-13,15,-34,-6,-8,-22,-14,-39,-1,-1,-9,3,-4,-2,-33,3,-4,-7,-3,-35
2018-07-19,-12,-19,-75,-49,-58,21,1,-5,-8,4,-4,-2,7,-1,1,-9,14,4,-6,-5,-19,-13,4,-56,-15,-45,-8,-21,-9,3,-10,-10,-6,2,-34,6,9,-17,-14,1,-8,-12,20,-21,-1,-3,-25,-10,-20,3,2,-2,3,2,-4,-18,-17,-1,1,5,-25
2018-07-20,-25,-31,-46,-37,-24,1,21,-13,-2,3,1,-2,19,2,-2,-10,5,-3,-7,1,-23,-11,-3,-28,3,-57,-3,-15,-5,8,-7,-5,5,-17,-51,10,0,-14,-15,-2,-13,-9,24,-68,0,-21,-28,-4,-13,6,-11,0,-5,2,-13,-15,-10,4,9,-1,-1
2018-07-21,0,-14,-33,-25,-52,2,2,-5,2,-4,0,3,18,-13,-16,-6,3,-5,0,3,-19,-4,-5,-29,9,-34,-1,-11,-9,17,-6,-14,1,-10,-47,4,-17,-13,-13,0,-3,-7,0,-41,10,-23,-23,-2,-27,4,-20,1,-2,-3,-13,-10,-4,1,8,-5,-21
2018-07-22,-1,-20,-21,-21,-31,0,-10,-3,11,-11,9,-13,3,-15,-24,3,9,-3,1,1,-13,-4,2,-25,-6,-26,1,-10,9,-8,-7,-45,7,-3,-36,-38,-10,-15,-4,-1,-1,-4,-27,-41,-8,-24,-12,5,-18,5,-13,2,-52,-11,-10,-11,2,-5,3,-8,-16
2018-07-23,-15,-10,-31,-17,-18,-3,-2,-4,7,-5,5,-13,6,-12,0,-10,3,-47,-1,0,-8,-7,6,-7,-46,-24,5,-5,-4,-5,-5,-32,10,1,-22,-32,-3,-2,-7,-6,2,-34,-18,-34,-2,-13,-5,-64,-16,5,-6,-13,-28,1,-13,-5,-4,2,-41,-10,-24
2018-07-24,-9,-7,-24,-4,-26,-7,-12,1,5,-2,-16,-5,8,-20,0,-20,2,-44,-1,10,-4,-6,5,-4,-36,-53,-45,-8,-5,8,4,-18,6,2,-17,-14,-1,0,-21,2,11,-24,-12,-39,7,-12,0,-13,-3,3,-2,-17,-19,9,-6,-11,-6,0,-26,2,-14
2018-07-25,3,-23,-41,-3,-24,-20,-6,8,4,3,-13,4,5,-69,-3,-39,-3,-29,-28,-6,-9,-10,11,-4,-99,-45,-23,-10,-7,-10,-7,-7,9,17,-13,-5,-2,-7,-26,4,2,-21,-11,-20,-12,-2,-9,-108,2,-3,3,-9,-17,-2,-11,-7,3,-4,-22,-25,-13
2018-07-26,9,-21,-40,-1,-11,-15,-4,8,6,4,-10,1,15,-53,5,-26,-9,-21,-21,-3,-2,-6,6,-47,-123,-39,-7,-15,-4,-23,-6,-18,2,24,-10,-4,8,-6,-12,-3,5,-12,-7,-29,-16,-13,-7,-61,1,0,15,-10,-14,-3,-15,-5,-13,-12,-18,-7,-15
2018-07-27,27,-32,-40,-5,-70,-18,-8,10,14,8,-8,-11,-55,-33,-2,-21,-21,-23,-8,3,5,5,-30,-21,-81,-40,-3,-3,-14,-23,-5,-27,-1,11,-8,10,16,-13,-9,-2,5,-6,4,-27,-5,-20,-36,-121,-2,7,-8,-11,-11,-13,-9,10,-10,-4,-13,4,-17
2018-07-28,28,-16,-30,12,-67,-20,-5,13,-8,-6,0,-2,-22,-21,-8,-19,-12,-24,-9,-15,3,8,-6,-19,-51,-32,1,-8,-8,-16,-3,-12,0,-20,-11,-18,7,-11,-1,2,7,4,-7,-29,0,-7,-12,-77,-24,-29,-4,-9,-11,-16,-1,9,-15,0,-15,-1,-12
2018-07-29,4,-1,-25,-15,-37,-11,7,8,-7,0,-12,-1,-7,-51,-7,-12,-15,-22,-6,-17,-47,8,20,-9,-38,-30,-5,-3,-6,-15,-66,-11,0,-96,4,-8,-2,-9,-9,-7,6,1,-11,-39,6,-1,-21,-56,-11,-19,2,-6,-10,-11,2,-18,-5,-4,-4,-9,-16
2018-07-30,9,-7,-13,-24,-28,-9,-7,2,-4,6,-39,4,6,-34,-18,0,-8,-18,-8,-14,-44,9,-6,-8,-31,-25,-8,-3,-5,-11,-35,-14,1,-32,-7,6,-8,-7,-1,-4,-1,7,-11,-25,9,4,-27,-39,-12,-7,-12,-1,2,-8,-2,-21,-8,-2,0,-6,-7
2018-07-31,10,-13,-21,-40,-16,9,-5,4,1,5,-29,1,-6,-32,-11,7,-17,-10,2,-14,-33,11,-8,-12,-31,-34,-6,11,-30,-10,-28,-8,-1,-32,-4,6,1,-6,5,-14,-14,-7,-34,-27,-12,-7,-30,-30,-7,-6,-7,-2,-7,-10,-21,-14,-6,2,-13,2,-3
2018-08-01,11,-11,-24,-25,-8,-27,-1,3,7,10,-7,4,1,-14,0,-28,-14,-11,0,-10,-22,6,3,-6,-44,-24,4,-66,-23,-11,-25,-14,7,-26,-19,0,12,-6,-1,-15,-12,0,-15,-27,-6,-21,-33,-25,-10,-16,-12,-1,-3,-8,-15,-5,-1,2,1,1,9
2018-08-02,4,-7,-34,-23,-37,-10,-5,3,1,5,-4,1,15,-4,-16,-14,0,-18,6,-8,-11,9,4,-2,-30,-36,-16,-34,-23,-5,-15,-12,11,-43,-76,2,9,-1,2,-15,-10,3,-14,-22,7,-59,-24,-26,-1,-17,-10,1,-3,-10,-10,-3,4,-12,-2,22,7
2018-08-03,0,-14,-31,-18,-30,-9,2,10,-5,6,-3,5,3,3,-11,-3,-2,-31,1,-9,-3,8,-8,-25,-41,-40,-11,-29,-13,-8,-21,-20,13,-33,-58,6,6,0,-9,-11,-12,8,-4,-14,-1,-37,-20,-17,-10,-14,-8,-1,-10,-11,-4,-19,4,-4,4,-30,9
2018-08-04,-10,-3,-29,-15,-23,-4,-6,-15,2,-2,-2,3,-17,1,-8,-58,-3,-31,-1,1,-5,-20,-13,-16,-28,-26,-12,-26,-14,-22,-17,-11,12,-22,-69,26,-10,2,-6,-9,-8,-2,-1,-25,-4,-34,-7,-10,-18,-8,-6,-1,-8,-57,-1,-6,-4,-13,7,-21,-2
2018-08-05,-11,-2,-27,-7,-16,-3,-5,-9,6,-7,-5,7,-9,3,-24,-84,7,-18,-12,0,-34,-18,-3,-5,-23,-28,1,-20,-9,-13,-21,-10,14,-11,-45,-43,-36,7,-1,-12,-7,2,3,-26,-17,-13,7,-11,-7,-6,3,5,-4,-49,-13,1,-34,-18,9,-19,-14
2018-08-06,-36,5,-24,0,-8,-8,-3,-13,2,-4,1,2,-2,10,-8,-83,-5,-11,-14,-9,-31,-23,-6,5,-46,-10,13,-13,-3,-9,-9,-3,12,-11,-64,-19,-21,-4,3,-8,-10,-73,2,-33,-18,-9,-42,-7,-26,4,4,3,-10,-31,-72,-13,-22,-19,5,-18,-8
2018-08-07,-22,1,-28,-1,-6,-12,0,-13,17,-3,-4,-9,10,5,3,-59,1,-14,-6,-3,-26,-10,-12,-14,-36,-98,15,-2,4,-2,-7,-5,6,-11,-36,-34,-26,0,6,-8,4,-70,-15,-20,-8,1,-20,-22,-26,-26,-19,-2,-11,-19,-47,-5,-14,-8,-5,-12,-6
2018-08-08,-5,5,-21,-10,-14,-13,7,-6,10,8,-6,-7,-1,-36,-25,-47,-5,-18,-16,-1,-18,-5,-6,-4,-24,-39,-83,1,-3,-8,-8,2,-1,-9,-33,-37,-16,2,-9,-6,-6,-39,-12,-11,-2,4,-32,-21,-14,-28,-17,1,-8,-16,-36,-16,-10,-12,-10,-15,1
2018-08-09,3,9,-36,-31,-12,-10,1,-3,5,8,4,-5,-5,-32,-13,-89,-3,-15,-9,-16,-20,-2,2,14,-9,-39,-34,-6,-1,-2,-8,-14,12,-3,-26,-21,-12,13,-13,3,-1,-20,-35,-9,4,-7,-17,-25,-12,-19,-11,5,-12,-19,-27,-11,1,-5,-4,-12,2
2018-08-10,0,10,-29,-16,-26,-11,11,2,4,2,-8,-5,-8,-18,-13,-73,3,-9,-31,-17,-20,-3,7,-3,9,-47,-19,-9,-5,-3,2,-28,-34,2,-18,-15,-7,-7,-18,-3,-10,-10,1,-22,9,-24,-20,-28,-27,-15,-13,-18,-7,-17,-21,1,1,-1,-5,-18,6
2018-08-11,17,-1,-18,-12,-25,-3,8,0,5,-4,-3,-4,10,-14,-19,-57,10,-10,-17,-18,-19,4,11,3,-14,-42,-2,-8,-4,-4,7,-22,-40,-10,-14,-19,-5,-17,-13,7,-11,-11,1,-74,5,-18,-10,-24,-13,-13,-18,-13,-2,-17,-15,1,0,3,-3,-8,8
2018-08-12,2,3,-12,-22,-13,1,10,-1,3,-10,-13,3,-7,-16,-10,-46,18,-1,-14,-11,-23,-18,9,4,-17,-45,-17,-11,1,-10,-6,-20,-27,-14,-57,-17,-5,-14,-10,8,-4,-5,1,-129,16,-17,-18,-14,-9,-11,-15,-10,-6,-14,-12,-2,4,-7,-2,-16,4
2018-08-13,-32,-7,-8,-13,-4,11,11,-2,11,-4,-8,8,-8,-16,-9,-35,4,1,-10,-6,-23,-18,-21,7,-14,-34,-23,-6,-38,-14,-19,-25,-21,-15,-54,-10,-3,-12,-14,6,-9,-8,-6,-60,-7,-23,-11,-14,0,-8,-10,-9,-7,-11,-10,-3,1,-10,-17,-12,0
2018-08-14,-10,-1,2,-3,6,12,16,-1,-3,-9,-13,-12,-4,-11,-7,-26,4,6,-20,-6,-18,-2,-38,8,-16,-24,-4,0,-21,-3,-15,-34,-58,-17,-34,-12,9,-26,-21,-6,-23,-9,6,-34,-10,-24,-9,-1,-7,-7,-6,-9,-8,-9,-5,-4,-11,-6,2,-3,-1
2018-08-15,-9,4,-3,-3,-5,-9,20,0,1,3,-6,-22,4,-7,0,-32,2,14,-26,-8,-22,-2,-16,8,-11,-12,-7,-10,-20,-6,-21,-30,-87,-20,-56,-7,9,-20,-21,-6,-16,-12,13,-22,-9,-27,-5,-8,5,2,-3,-5,-4,-4,-17,-1,-16,-3,-21,-3,6
2018-08-16,0,0,-93,-27,2,-18,7,10,19,3,-6,-27,5,0,0,-29,3,10,-11,-2,-18,12,-8,-9,-12,-5,-2,-12,-17,1,-18,-27,-62,-33,-35,-4,-48,-17,-17,-6,-13,-7,-9,-19,-2,-28,-5,-4,0,5,-7,2,-3,-17,-17,-3,-31,-1,-47,0,7
2018-08-17,12,-21,-139,-102,5,-10,12,3,-1,8,-4,-33,-5,-112,3,-23,9,8,-13,-2,-29,5,3,-23,-20,-13,-1,-8,-16,3,-14,-13,-48,-19,-29,3,-48,-13,-15,-10,-15,-4,-26,-12,-10,-24,0,-8,-10,9,-4,-7,6,-9,-13,-14,-21,13,-32,-3,-9
2018-08-18,11,-52,-75,-59,8,-17,-9,4,5,7,-14,-25,7,-84,-9,-31,13,8,-8,5,-25,-1,9,-19,-38,-16,9,-2,0,5,-13,-20,-43,-18,-24,14,-31,-9,-9,-6,-15,-5,-28,-7,-44,-19,-108,-11,-8,-9,3,-11,0,-9,-4,-4,-14,0,-17,-14,-15
2018-08-19,-7,-21,-59,-36,-14,-12,-15,0,-14,-16,-9,-16,-2,-49,-12,-30,6,-18,-6,11,-26,-12,-32,-6,-22,-5,11,-1,-13,-4,-11,-13,-38,-21,-71,11,-24,-4,-5,-6,-5,-5,-20,-2,-14,-42,-60,0,-6,-22,4,-17,-8,-12,-6,-7,-10,1,-27,-6,-18
2018-08-20,-9,-5,-18,-49,-10,-2,-53,4,-7,-11,-5,-13,-9,-32,0,-25,4,-33,-7,7,-17,-4,-7,-3,-15,-4,-5,-14,-13,-3,-11,-15,-28,-27,-80,-12,-15,-2,-2,-3,-8,-34,-37,3,-3,-49,-30,-18,1,-48,2,-10,-9,-4,-2,-10,0,-7,-10,-2,-21
2018-08-21,-27,9,-42,-36,0,4,-32,10,-11,-2,-1,-10,-3,-24,-17,-25,4,-30,-11,0,-19,3,-31,-18,-27,-8,-29,0,-9,-28,-7,-9,-39,-30,-69,-6,-13,1,-2,-4,-7,-15,-22,-25,7,-78,-48,-22,11,-34,5,-7,-11,-4,-1,-6,-10,-26,-3,12,-8
2018-08-22,1,-17,-39,-24,7,-12,-19,5,-6,4,2,-3,9,-21,-23,-23,9,-28,-9,-2,-15,1,-8,-3,-24,-8,-11,9,-16,-26,1,-30,-52,-76,-68,-13,-8,-3,-6,-7,-13,-24,-27,-9,-14,-29,-49,-22,-4,-28,1,-5,-7,0,-5,-4,-17,-12,-7,-1,-15
2018-08-23,13,-16,-40,-10,6,-11,-33,4,-2,1,1,-17,1,-24,-9,-18,-6,-23,-7,-14,-14,1,-1,-2,-60,-12,-29,10,-13,-23,-13,-21,-39,-78,-48,-66,-3,-17,-32,-13,-4,-24,-54,-12,-15,-18,-39,-14,-9,-21,1,1,-9,15,-3,-13,-27,-3,-17,-18,-34
2018-08-24,16,-62,-37,-4,19,-10,-18,14,-7,-7,-1,-22,6,-17,-12,-16,-33,-28,-8,-23,-19,17,6,2,-66,-14,-23,-13,-12,-20,-4,-14,-28,-62,-19,-34,4,8,-6,-8,-5,-18,-42,-10,0,-18,-35,-9,-78,-16,5,6,-5,-21,-10,-2,-17,-2,-12,-31,-21
2018-08-25,18,-47,-27,3,8,-12,-6,11,-6,-1,-8,-10,4,-27,-8,-14,-23,-21,-3,-22,-24,16,-1,14,-41,-13,-18,-13,-23,-21,-43,-7,-8,-30,-18,-17,1,2,-20,-19,-3,-10,-15,-3,6,-9,-35,-5,-72,-12,2,-1,-2,-22,-15,-3,-22,2,-9,-17,-8
2018-08-26,14,-43,-21,7,13,-9,-5,3,3,-1,-7,-8,13,-35,-28,-22,-22,-15,1,-24,-26,5,-15,-6,-20,-10,-13,-12,-13,-21,-48,-9,-15,-64,-9,-18,2,3,-13,-17,2,-21,-19,-9,-8,-16,-22,2,-46,-7,-1,3,-10,-14,-9,-3,-12,6,-32,-11,-5
2018-08-27,4,-62,-20,2,-5,0,-2,0,3,3,-13,-1,-24,-26,-10,-51,-23,-21,-7,-18,-28,-3,-11,-28,-22,-8,-5,-9,-10,-17,-31,-23,-10,-45,-24,-17,-26,-3,-1,-13,7,-130,-16,2,-1,-25,-22,-6,-36,-10,-6,2,-4,-15,-9,-5,-19,-46,-67,-7,-12
2018-08-28,0,-39,-9,-12,1,6,-12,4,6,6,-8,4,-16,-21,-1,-33,-21,-21,3,-15,-20,-135,-3,-14,-31,3,-3,-31,-7,-9,-34,-15,-32,-24,-36,-8,-30,-4,1,-13,-21,-68,-19,-6,-12,-19,-19,-6,-26,-21,-17,3,-9,-15,-7,-5,-34,-48,-64,0,-16
2018-08-29,4,-26,-13,-21,4,-2,-9,8,11,11,-3,6,1,-28,-1,-28,-15,-25,-18,-11,-18,-80,-78,-2,-45,-31,10,-25,-9,-20,-26,-33,-91,-11,-24,-19,-22,5,-11,-35,-18,-54,-14,-35,-7,-17,-9,7,-30,-12,-10,3,-2,-11,-10,-1,-14,-31,-22,7,2
2018-08-30,-46,-16,-27,-79,-30,-15,-8,11,5,-35,-8,8,4,-15,-4,-19,-16,-13,-19,-10,-15,-61,-62,-3,-36,-30,-11,-21,-6,-21,-20,-25,-52,-25,-56,-5,-11,-1,-9,-24,-17,-45,-9,-20,-11,-20,-16,-49,-15,-6,-6,1,-11,-7,-10,4,-3,-26,-9,-12,1
2018-08-31,-29,-15,-27,-47,-33,-31,-9,9,0,-48,-9,-10,2,-20,-16,-22,-11,-10,-3,-5,-8,-62,-26,-1,-15,-24,-8,-13,-37,-25,-25,-14,-37,-26,-72,5,-2,7,1,-25,-8,-47,-12,-19,-22,-17,-7,-63,-45,-10,-1,4,-12,-5,-3,6,-29,-24,-5,-4,-19
2018-09-01,-19,-8,-44,-22,-26,-24,-10,-6,5,-31,-20,-15,6,-23,-21,-15,-5,-15,-5,-9,10,-47,-20,11,-11,-11,-10,-12,-20,-16,-37,-30,-31,-19,-61,1,1,-13,3,-16,-6,-35,-40,-22,-11,-14,-5,-28,-55,-25,-3,2,-6,0,-4,4,-19,-10,-1,-32,-24
2018-09-02,-56,1,-58,-21,-22,-25,-4,0,0,-18,-25,-3,11,-25,-12,-18,7,-15,-2,-19,15,-37,-16,7,-37,-15,-1,-11,-14,-19,-30,-21,-24,-28,-57,14,7,-13,2,-13,-2,-24,-23,-34,-7,-14,-3,-19,-41,-17,-19,-2,-4,-10,-5,-28,-19,-4,0,-34,-23
2018-09-03,-132,-23,-43,-36,-17,-22,-6,-1,8,-53,-17,-2,16,-22,-17,-12,0,-17,0,-12,-10,-36,-16,-1,-14,-25,4,-8,-9,-12,-18,-19,-18,-5,-41,-46,-23,-4,12,-9,-15,-19,-21,-15,-4,12,-2,-8,-51,-8,-15,7,-1,-12,-13,-55,-5,-3,-3,-39,-15
2018-09-04,-138,-118,-122,-79,-9,-33,-1,-2,2,-136,-14,-9,6,-16,-8,-8,-15,-12,-2,-10,-10,-28,-8,-24,-16,-37,9,-28,-5,-11,-14,-17,-42,-3,-38,-44,-35,11,10,-6,-51,-5,-15,-16,-19,-72,-13,4,-48,-27,-13,-27,-4,-6,-22,-36,-6,-4,-26,-32,-11
2018-09-05,-203,-180,-72,-141,-15,-27,2,-1,2,-64,-7,-6,-6,-14,-23,-4,-22,-17,4,-13,-6,-18,-17,-26,-32,-43,18,-78,4,-7,-13,-12,-47,-7,-47,-40,-21,-3,-30,-15,-22,-5,-10,-18,-19,-42,-13,-3,-35,-19,-14,-19,-5,-3,-17,-38,-1,2,-15,-28,-14
2018-09-06,-92,-75,-51,-79,-7,-32,-1,4,5,-45,-2,-8,-23,-9,-12,-7,-17,-11,-7,-10,-2,-30,-21,-8,-19,-211,10,-35,-11,-13,-4,-8,-29,0,-37,-30,-17,-17,-36,-9,-17,-10,3,2,-14,-31,-5,-13,-30,-19,-17,-10,-1,-11,-20,-23,-5,10,-14,-23,-6
2018-09-07,-50,-44,-30,-49,4,-25,6,-3,7,-34,1,-15,-17,-4,-22,1,-10,-12,-11,-8,-2,-16,-11,-14,-11,-135,-2,-19,-12,-2,-9,-5,-30,-14,-27,-30,-16,-33,-28,-10,-8,-9,-7,-22,5,-65,-3,-17,-22,-15,-19,-8,-1,-11,-12,-26,-3,-2,-31,-19,-10
2018-09-08,-29,-33,-27,-43,9,-28,-8,-7,5,-52,-7,-71,-34,-5,-19,-6,-5,-8,-8,-10,2,-36,-8,-9,-9,-57,0,-4,-9,-1,-9,-4,-21,-7,-31,-35,-13,-31,-39,-9,-4,-27,-14,-28,-16,-101,7,-15,-19,-7,-12,-10,2,-20,-6,-25,-3,6,-22,-24,-108
2018-09-09,-30,-32,-18,-42,0,-19,-5,-8,4,-39,-18,-27,-16,-7,-8,-13,-16,0,-17,-21,-12,-34,-11,-4,1,-32,4,-9,-8,-3,-6,-4,-17,-7,-45,-69,-8,-29,-29,-2,-30,-18,4,-10,-7,-55,-1,-2,-16,-1,-7,-8,2,-12,-17,-10,-5,9,-75,-11,-65
2018-09-10,-21,-20,-5,-33,0,-16,-2,-5,7,-33,-9,-18,-8,-15,-4,0,-33,-3,-25,-9,-23,-17,-14,-5,-4,-34,3,-25,-12,8,-16,3,-19,-1,-64,-108,-5,-34,-17,-26,-28,-7,-4,-2,4,-65,-22,-5,-33,1,-7,-7,3,-9,-45,-1,-3,14,-30,-11,-43
2018-09-11,-14,-12,-15,-29,0,-5,-8,2,20,-21,2,-11,-15,-5,-9,-18,-26,8,-20,-5,-35,-19,-28,-2,-40,-30,4,-22,-13,-2,-46,-62,-11,-13,-27,-81,-5,-31,-35,-29,-26,6,-12,6,6,-61,-9,0,-84,-10,-4,-6,-4,-6,-35,0,-1,1,-43,-9,-29
2018-09-12,-5,-7,-19,-31,-23,-35,-8,6,9,-18,6,-13,-4,1,-1,-13,-6,6,-16,-7,-22,-29,-1,-32,-29,-25,-1,-19,-6,-105,-33,-56,-3,-21,-17,-39,-9,-24,-26,-36,-28,-22,-17,-30,-26,-56,-7,-1,-68,-6,-5,-8,-4,-4,-36,5,2,-2,-31,3,-20
2018-09-13,-196,1,-8,-39,-6,-32,2,5,4,-17,-15,-32,4,-27,-9,-35,-15,-4,-15,1,-36,-20,1,-46,-36,-41,4,-10,-6,-60,-28,-40,-1,-22,-9,-12,-103,-25,-23,-26,-23,-21,-61,-28,-30,-43,-6,6,-76,-12,6,2,-2,-1,-34,0,-2,-27,-26,-7,-30
2018-09-14,-104,8,-27,-31,-11,-23,-66,5,3,-1,-25,-29,2,-32,-8,-97,-5,0,-13,4,-31,-10,7,-18,-20,-28,11,-6,-19,-43,-31,-30,-11,-20,-32,-7,-59,-9,-21,-20,-27,-17,-43,-19,1,-34,1,-17,-55,-9,13,4,-4,-9,-21,5,-3,-17,-24,-8,-23
2018-09-15,-50,16,-13,-10,-20,-15,-42,14,-12,-19,-14,-22,-40,-27,-8,-60,1,-52,-4,-11,-27,-5,-1,-18,-25,-24,0,-6,-15,-32,-26,-27,-32,-15,-19,-15,-41,-15,-36,-16,-32,-16,-31,3,-11,-27,10,-24,-49,-2,3,-15,-7,-13,-20,-3,1,-3,-24,-15,-33
2018-09-16,-26,-7,-24,0,-11,-14,-42,4,-27,-17,-15,-17,-18,-17,-4,-46,-8,-96,-1,3,-7,-5,3,-4,-22,-15,-29,-4,-26,-26,-28,-17,-89,-19,-12,-15,-29,-12,-17,-25,-25,-13,-46,-27,-11,-12,-31,-18,-53,0,2,-17,-6,-6,-17,-3,-3,5,-15,0,-37
2018-09-17,-7,-31,-10,2,-22,-7,-49,0,-15,-13,-10,-12,3,-14,4,-41,-1,-57,3,1,-18,-7,12,-13,-7,-23,-27,-3,-19,-25,-24,-29,-35,-17,-4,-89,-19,-7,-13,-15,-21,-1,-25,-41,-5,-27,-43,-21,-42,-11,6,-11,-6,-14,-32,4,-1,8,-18,8,-26
2018-09-18,3,-11,-17,-25,-15,-2,-38,6,-18,-6,-10,-7,-5,-15,-52,-43,-1,-39,-4,-37,-11,-2,-94,-6,-3,-34,-15,3,-12,-28,-18,-35,-24,-23,0,-53,-15,-7,-5,-26,-40,-18,-24,-104,3,-27,-42,-17,-42,-23,3,-19,0,-12,-33,-4,3,15,-20,-3,-29
2018-09-19,2,2,-28,-15,-6,-23,-36,10,-12,-1,-19,-12,-10,-23,-29,-32,7,-34,-3,-24,-19,1,-53,-4,-36,-37,-34,-23,-26,-30,-13,-39,-163,-30,-7,-31,-14,-10,2,-19,-13,-24,-20,-57,-6,-24,-40,-5,-35,-24,4,-10,-2,-4,-18,-7,-11,-10,-15,-4,-20
2018-09-20,9,9,-46,1,-7,-22,-30,13,-7,-13,-27,-9,-9,-18,-28,-19,5,-36,0,-37,-62,7,-37,-1,-31,-29,-31,-31,-26,-24,-8,-20,-71,-17,-13,-16,-29,-4,-4,-27,-25,-15,-18,-39,2,-17,-33,-3,-33,-18,6,-3,4,-2,-19,-13,-7,-3,-43,-16,-21
2018-09-21,-49,10,-70,-8,5,-14,-26,23,-3,-13,-80,-7,-2,-26,-21,-11,-4,-24,1,-29,-53,-3,-38,7,-15,-23,-20,-21,-27,-24,-8,-11,-44,-25,-11,-14,-30,2,-4,-29,-19,-17,-8,-27,9,-12,-29,-5,-24,-9,-4,0,-12,-8,-13,-5,-3,2,-21,-6,-18
2018-09-22,-131,14,-73,-13,9,-13,-73,-16,8,-10,-45,-4,2,-18,-17,-8,4,-31,3,-20,-63,-13,-15,5,-27,-134,-13,-17,-24,-12,-26,-22,-36,-20,9,-30,-21,-5,0,-30,-16,-11,-19,-16,1,-19,-25,-11,-21,-3,-7,-6,-8,-2,-14,-4,-4,-6,-11,-2,-18
2018-09-23,-196,15,-53,-18,10,-12,-116,-11,10,-3,-27,-24,5,-14,-8,-11,-41,-21,5,-23,-55,-17,-18,0,-10,-68,-6,-55,-20,-40,-32,-22,-22,-14,4,-21,2,2,-14,-37,-11,-20,-97,-16,-27,-12,-19,-18,-23,0,-10,-3,-6,6,-7,2,0,-2,-14,7,-13
2018-09-24,-84,12,-57,-37,0,-9,-67,-8,2,-8,-24,-16,-4,-12,-1,-26,-25,-16,7,-16,-47,-11,-20,4,0,-41,1,-48,-15,-35,-5,-16,-9,-20,7,-4,-16,2,-16,-27,1,-36,-40,-11,-33,-8,-37,-12,-12,-28,-11,0,0,-13,-5,7,-8,-17,-14,7,-2
2018-09-25,-51,-86,-66,-19,-30,4,-72,-6,-9,-12,-17,-6,-7,-7,-36,-15,-25,-15,13,-23,-39,-31,-38,-1,-13,-22,-7,-39,-20,-24,-41,-23,-12,-5,-43,0,-14,-3,-10,-20,-3,-119,-17,-33,-17,-3,-36,-4,-2,-21,-9,4,4,-11,-2,2,-8,-5,-5,-16,-9
2018-09-26,-25,-76,-50,-9,-21,-35,-47,-1,-8,-16,-16,5,2,2,-20,-23,-45,-34,1,-16,-38,-42,-28,1,-45,-86,-17,-49,-19,-36,-46,-10,-60,1,-64,-7,-9,-35,-5,-25,-5,-55,-12,-42,-73,-10,-22,3,-17,-15,-7,-2,8,-12,-24,11,-2,-13,-3,-25,3
2018-09-27,-15,-43,-46,-35,-26,-20,-35,11,-10,-12,-11,5,11,-20,-53,-22,-27,-32,-19,-10,-51,-43,-28,15,-55,-87,-9,-37,-19,-25,-9,-11,-65,3,-72,1,-5,-32,-42,-29,-17,-44,-45,-27,-43,-15,-14,1,-19,-14,0,2,-4,-10,-55,-1,3,-15,0,-30,-22
2018-09-28,-18,-23,-39,-20,-12,-11,-53,-16,-34,-22,-42,7,3,-12,-28,-15,-11,-23,-5,-7,-34,-59,-27,17,-23,-38,-4,-26,-14,-21,-29,-5,-38,1,-62,-2,-4,-23,-58,-26,-29,-25,-39,-27,-34,3,-7,1,-18,-7,-16,1,-3,-15,-48,8,2,-8,0,-33,-57
2018-09-29,-90,-8,-28,-22,-5,-31,-38,-13,-14,-22,-72,6,-27,3,-19,-43,-1,-16,-4,-2,-22,-139,-27,8,-10,-33,-2,-27,-9,-19,-31,0,-17,0,-37,-73,-22,-17,-22,-10,-14,-22,-31,-20,-42,12,-2,6,-12,0,-28,-1,-2,-15,-38,6,7,-3,-7,-43,-34
2018-09-30,-118,-13,-28,-38,-5,-35,-28,-22,-9,-19,-54,6,-89,11,-24,-33,3,-17,4,-4,-11,-79,-23,2,-11,-30,3,-24,-9,-17,-45,7,-10,7,-43,-47,-25,-9,-23,-8,-15,-12,-41,-53,-44,-24,0,12,-8,-6,-18,5,2,-7,-24,-4,5,-19,9,-29,-30
2018-10-01,-50,-13,-66,-58,-114,-32,-26,-11,5,-20,-35,-16,-49,-1,-31,-18,9,-19,4,-19,-8,-46,-18,9,-15,-40,4,-15,-9,-8,-30,-11,-22,9,-55,-47,-28,-7,-14,-5,-48,-45,-19,-37,-99,-100,-7,15,-21,-36,-14,0,-2,-4,-27,-75,10,-22,-3,-29,-24
2018-10-02,-26,-19,-38,-67,-66,-32,-15,-6,-6,-14,-25,-43,-52,-3,-27,-15,-22,-15,7,-30,-9,-37,-12,16,-4,-59,-25,-7,-7,-18,-24,-9,14,12,-131,-40,-16,3,-21,-2,-32,-29,-20,-23,-87,-121,-11,1,-22,-17,-11,-12,-5,-5,-25,-34,-45,-13,-24,-22,-17
2018-10-03,-21,-19,-54,-43,-44,-25,-13,-2,-4,-5,-16,-40,-43,-4,-27,-7,-44,-15,7,-22,-9,-34,-14,10,-25,-40,-24,-23,-17,-15,-49,-6,-3,18,-62,-33,-14,-68,-40,-18,-21,-40,-15,-55,-108,-78,-18,-10,-16,-13,-14,-15,2,-3,-19,-22,-35,-5,-23,-20,-15
2018-10-04,-21,-5,-80,-42,-38,-26,-15,-8,-1,-5,-17,-27,-30,-19,-23,-19,-28,-10,-16,-13,-15,-36,-6,-41,-34,-39,-36,-8,-24,-12,-40,5,-12,3,-51,-24,1,-41,-60,-9,-18,-21,-19,-77,-71,-108,-4,-14,-11,-13,-18,-15,10,2,-18,-14,-20,4,-37,-31,-8
2018-10-05,-10,-3,-62,-47,-23,-11,-6,-12,14,-46,-17,-20,-19,-11,-25,-14,-16,-4,-7,-19,-5,-24,-4,-51,-28,-22,-19,6,-57,-20,-22,-14,2,-5,-29,-11,-1,-51,-44,-7,-13,-12,-12,-138,-25,-83,6,-7,-10,-12,-15,-10,2,-8,-19,-8,-13,7,-29,-21,-6
2018-10-06,-1,1,-72,-123,-19,-25,-9,-5,2,-34,-16,0,-24,-6,-17,-5,-19,-7,-24,-27,3,-11,-28,-30,-13,-30,-12,5,-51,-19,-17,-25,0,-14,-31,-21,-21,-38,-46,-3,-9,-1,-9,-71,-17,-58,6,-6,-8,-5,-10,-8,2,-15,-12,-15,-6,-1,-26,-10,-13
2018-10-07,15,-8,-38,-178,-19,-9,-3,-14,17,-19,-12,-5,-18,-1,-21,3,-9,-2,-30,-20,-2,-14,-40,-13,-36,-69,-10,-44,-42,-12,-14,-34,-6,-4,-36,-15,-5,-47,-44,0,-17,-30,-3,-37,-6,-88,-9,3,-3,-1,-4,-5,7,-13,-22,-8,-11,-5,-68,-13,-7
2018-10-08,14,-12,-28,-87,-10,-17,-17,-11,15,-20,-3,-13,-9,2,-33,-7,-7,-1,-38,-9,-4,-4,-62,-8,-61,-38,-7,-31,-38,-4,-22,-25,-5,2,-56,0,-21,-36,-48,-6,-25,-40,-8,-21,-18,-80,0,11,-27,-15,-3,0,5,-9,-4,-65,-5,-4,-59,-13,-2
2018-10-09,8,2,-20,-84,-8,-22,-11,-14,3,-17,-14,-7,-3,1,-33,-2,2,-36,-33,-9,-10,2,-56,-10,-44,-16,-5,-20,-26,-7,-16,-33,2,11,-25,-13,-53,-31,-47,-26,-37,-39,2,-13,-37,-61,-2,0,-14,-9,1,-1,-1,-10,-29,-73,-39,-27,-41,-10,2
2018-10-10,-30,11,-9,-67,-5,-16,-5,-9,8,-11,-49,-5,-20,-6,-20,-10,-8,-18,-33,-12,-3,-21,-33,-12,-39,1,1,-22,-23,-3,-19,-100,3,-71,-42,-28,-40,-29,-33,-22,-46,-25,-38,-22,-35,-62,1,-4,-13,-5,-3,4,-2,-2,-10,-38,-29,-16,-35,-12,8
2018-10-11,-42,8,-4,-55,-6,-18,-21,1,8,-5,-29,5,-24,-38,-21,-37,-2,-5,-23,-11,2,-13,-24,-71,-89,-7,-3,-16,-22,-4,-23,-80,1,-50,-24,-36,-35,-40,-28,-17,-74,-19,-38,-29,-34,-38,2,-11,-16,-2,4,-25,7,-30,-4,-28,-18,-20,-28,-2,-19
2018-10-12,-32,15,0,-27,-32,-9,-31,-16,6,-5,-31,-44,-19,-32,-20,-23,-4,5,-26,-3,-41,-3,-17,-42,-61,-6,4,-22,-22,-2,-26,-56,5,-53,-12,-55,-28,-29,-39,-18,-39,-22,-49,-16,-52,-36,7,-5,-9,-3,6,-29,0,-39,-5,-21,-8,3,-23,0,-33
2018-10-13,-34,7,7,-13,-26,-11,-22,-12,5,-7,-29,-44,-12,-14,-17,-33,-6,-90,-18,-17,-18,-7,-15,-20,-26,-36,-33,-22,-18,-12,-23,-47,-4,-26,-5,-30,-26,-19,-31,-28,-39,-15,-44,-35,-37,-31,2,-35,-7,-28,4,-19,1,-17,-11,-59,-3,6,-27,-48,-32
2018-10-14,-61,17,-5,-9,-20,-25,-37,-6,1,-4,-18,-31,-3,-17,-9,-34,-6,-45,-19,-6,-14,-6,-7,-4,-81,-63,-27,-16,-16,-52,-31,-29,4,-24,-5,-24,-25,-16,-21,-26,-25,-5,-33,-81,-29,-57,-37,-24,-6,-36,-4,-15,0,-2,-3,-41,-19,-6,-34,-47,-33
2018-10-15,-42,11,-12,-24,-2,-15,-23,-5,3,1,-8,-22,-2,-9,-10,-22,-2,-52,-5,-26,-33,-1,-15,-25,-59,-26,-26,-14,-25,-29,-29,-19,11,-32,-3,-33,-19,-17,-20,-17,-21,1,-47,-34,-18,-47,-56,-10,0,-26,1,-22,7,-1,-7,-28,-30,-21,-18,-16,-35
2018-10-16,-12,7,-5,-33,-2,-13,-30,0,9,-31,-11,-8,-1,-36,-7,-28,-8,-53,-1,-37,-24,0,-16,-13,-35,-8,-16,-27,-27,-20,-21,-14,7,-25,1,-30,-12,-13,-18,-14,-12,-6,-34,-26,-12,-41,-38,-6,-17,-21,1,-16,-1,-13,-10,-15,-21,-12,-14,-15,-19
2018-10-17,7,10,7,-25,9,-13,-25,0,14,-21,-13,-11,-2,-79,-6,-12,-22,-51,-9,-39,-30,6,-7,-11,-14,-24,-38,-16,-24,-12,-21,-10,-23,-9,18,-21,-12,-6,-21,-7,-9,-10,-34,-13,-17,-42,-37,3,-24,-15,2,-9,0,-26,-10,-16,-19,-11,-8,-16,-17
2018-10-18,7,10,-32,-52,11,-12,-26,3,12,-13,-14,-10,-9,-69,-3,-13,-17,-45,-5,-37,-39,-44,-6,-21,-16,-24,-56,-32,-32,-4,-21,-51,-22,-7,6,-20,-23,-7,-27,-28,-16,-9,-16,-12,0,-33,-31,9,-15,-11,0,-2,2,-14,-6,-12,-12,-14,-25,-17,-10
2018-10-19,7,11,-24,-44,-3,-8,-23,-10,10,-8,-8,-7,-3,-40,2,-53,-25,-35,3,-28,-67,-44,3,-34,-22,-15,-34,-56,-22,-20,-19,-40,-45,-13,-8,-16,-18,-4,-64,-39,-13,-78,-15,-9,-19,-28,-39,8,-20,-3,-13,-4,7,-10,-8,-8,-6,-21,-14,-10,-14
2018-10-20,-1,12,-17,-40,-31,-8,-19,-9,14,-3,-2,-19,-3,-30,-1,-33,-18,-46,2,-21,-47,-24,0,-27,-81,-18,-18,-52,-20,-13,-20,-32,-108,-21,-40,-14,-11,-10,-40,-35,-14,-53,1,-3,-31,-25,-39,-7,-11,2,-15,-7,3,-12,-12,-4,-4,-29,-7,-1,-12
2018-10-21,-15,5,-6,-34,-17,-9,-15,-10,11,0,0,-6,0,-13,-7,-38,-24,-28,-3,-11,-39,-21,-13,-14,-101,-7,-3,-42,-10,-15,-31,-26,-192,-33,-55,-3,-12,-10,-40,-25,-9,-50,9,3,-59,-19,-46,-9,6,-20,-7,-6,7,-8,-17,-3,2,-30,-1,4,1
2018-10-22,-43,-43,-33,-12,-16,-18,5,-8,16,3,9,-3,-3,-35,-20,-32,-24,-19,0,-7,-51,-29,-31,-21,-116,4,-11,-48,-25,-15,-11,-13,-124,-12,-58,-3,-3,-2,-37,-31,-6,-40,-134,-7,-151,-19,-38,-1,-2,-22,-6,-2,-8,-4,-9,1,8,-25,-6,6,-9
2018-10-23,-26,-94,-33,-1,-6,-13,7,-3,-8,8,-7,6,1,-54,3,-36,-11,-11,3,-10,-32,-21,-21,-67,-104,3,-14,-41,-21,-5,-25,-10,-80,3,-35,-2,-13,-57,-48,-57,-4,-31,-65,-30,-102,-15,-16,8,1,-12,-8,-6,-24,-18,1,-5,-3,-17,-1,-1,-1
2018-10-24,-15,-126,-17,-16,-10,-15,-81,6,-7,12,-7,4,-4,-37,-12,-27,-9,-24,-3,-2,-26,-13,-23,-47,-64,5,-17,-42,-17,-9,-24,-6,-51,-39,-49,2,-18,-50,-32,-39,-32,-35,-58,-27,-51,-67,-20,7,2,-11,-1,-3,-7,-26,-4,-7,3,-21,4,-23,-4
2018-10-25,-1,-91,-31,-86,-6,-23,-44,1,-12,-13,-7,-11,1,-17,-22,-26,3,-15,6,-10,-14,-4,-33,-35,-56,-25,-7,-33,-18,0,-54,-8,-62,-18,-54,5,-23,-37,-28,-36,-45,-37,-45,-21,-20,-69,-26,-3,-17,-11,-11,4,-19,-19,-87,-5,1,-20,6,-41,-16
2018-10-26,-1,-56,-37,-101,-30,-36,-29,-12,3,-14,3,1,9,-12,-10,-22,3,-20,3,1,-11,-6,-20,-35,-25,-30,-1,-23,-13,-1,-43,-8,-38,-2,-59,1,-36,-35,-7,-25,-43,-17,-29,-22,-21,-46,-17,0,-19,-10,-24,1,-11,-18,-45,-4,2,-22,0,-42,-24
2018-10-27,7,-53,-32,-74,-42,-29,-15,-14,10,-13,-2,-1,4,2,-4,-11,2,-15,-3,-2,-61,-67,-11,-24,-20,-15,4,-18,-10,-29,-49,-12,-45,-12,-73,-37,-55,-27,-12,-12,-40,-12,-48,-14,-24,-51,-39,9,-13,4,-18,-2,-8,-17,-38,-11,7,-21,-2,-39,-14
2018-10-28,-9,-61,-7,-76,-118,-24,-18,-4,0,-9,-21,4,-8,-11,2,-24,-4,-19,3,-11,-99,-42,-23,-12,-16,4,14,-12,-7,-23,-53,-16,-30,-8,-96,-38,-35,-17,-7,-15,-37,-11,-45,-7,-100,-47,-16,11,-12,-13,-14,6,-8,-15,-25,-1,7,-31,5,-32,-11
2018-10-29,-8,-45,1,-61,-98,-21,-59,-10,1,-7,-15,-8,0,-18,-31,-36,-44,-18,-21,-8,-43,-34,-26,-6,-19,-39,-36,-11,-19,-12,-39,-10,-27,4,-173,-44,-33,-57,-9,-23,-31,-8,-34,-90,-68,-33,-128,3,-4,-35,-15,-9,3,-13,-17,-3,5,-24,9,-44,-6
2018-10-30,-20,-34,-2,-59,-56,-19,-76,-6,-1,5,-28,-38,2,-20,-28,-40,-41,-8,-10,-11,-29,-64,-16,-16,-20,-49,-32,-8,-8,-18,-33,-1,-31,-19,-107,-38,-20,-66,-20,-25,-22,-9,-27,-38,-47,-35,-221,-18,-4,-26,-19,-11,-20,-4,-17,4,-23,-12,-3,-33,-5
2018-10-31,-5,-9,-52,-47,-42,-16,-36,-1,2,-32,-10,-108,-6,-12,-17,-28,-39,-8,-30,-39,-25,-54,-8,-32,-8,-30,-21,5,-6,-22,-31,-6,-33,-22,-77,-28,-21,-60,-32,-26,-17,-5,-10,-21,-26,-44,-118,-13,-26,-22,-13,-11,-9,-1,-16,18,-25,0,-1,-23,0
2018-11-01,-6,5,-75,-36,-31,-13,-32,5,1,-34,-2,-134,3,-4,-17,-134,-21,-5,-13,-29,-13,-42,-15,-43,-9,-55,-17,-21,-15,-19,-32,-19,-22,-13,-122,-18,-14,-46,-36,-13,-9,-4,-15,-18,-84,-23,-46,-8,-35,-18,-7,-6,-2,2,-48,-35,-23,0,-25,-22,7
2018-11-02,4,-14,-76,-38,-24,-13,-27,-14,1,-19,-20,-130,-4,-2,-11,-75,-21,-1,-25,-26,-15,-37,-25,-28,-7,-48,-24,-12,-27,1,-31,-38,-14,-7,-123,-41,-14,-42,-32,-11,-11,-4,-16,-13,-39,-47,-28,-3,-14,-24,-5,-6,1,-4,-47,-26,-8,4,-6,-24,3
2018-11-03,-15,-34,-65,-38,-22,-22,-28,-11,1,-19,-25,-91,-11,-10,-5,-55,-9,3,-58,-19,-16,-29,-15,-23,-7,-56,-15,-14,-38,-4,-31,-45,-53,3,-54,-43,2,-38,-21,-4,-5,-3,-9,1,-19,-66,-14,2,-24,-14,-7,-5,-6,-14,-30,-13,-10,6,-19,-33,-12
2018-11-04,-6,-18,-58,-70,-13,-19,-19,-4,17,-15,-23,-64,-8,-13,-5,-36,-8,4,-46,-12,-15,-24,-14,-24,0,-30,-10,-16,-32,-67,-35,-35,-40,2,-47,-44,-91,-35,-20,-16,-19,-9,-2,-24,-22,-57,-33,-6,-19,-13,-3,-4,0,-9,-26,-10,-12,-5,-37,-17,-5
2018-11-05,6,-7,-53,-51,-23,-14,-15,-7,7,-19,-23,-51,0,-5,-11,-26,-6,6,-30,-2,-28,-12,1,-12,-23,-13,-2,-14,-30,-51,-24,-33,-44,11,-62,-40,-55,-38,-18,-17,-19,-17,4,-27,-8,-47,-25,-2,-17,-15,-1,-1,7,-2,-28,-8,-12,-20,-32,-10,-3
2018-11-06,3,3,-42,-38,-27,-4,-8,-4,-17,-17,-10,-35,13,-25,-5,-14,-8,-3,-27,-7,-23,-3,5,-1,-8,-9,8,-10,-30,-28,-23,-33,-40,17,-41,-42,-49,-61,-33,-18,-24,-46,-2,-67,-202,-43,-15,5,-21,-7,5,5,3,-1,-6,-5,0,-10,-21,-8,4
2018-11-07,-75,5,-28,-31,-56,-11,-34,3,-11,-13,2,-45,-3,-65,-6,-20,-10,2,-20,-5,-25,6,-9,-3,-50,-6,-4,-14,-23,-22,-5,-38,-45,13,-28,-31,-42,-36,-26,-11,-65,-46,-39,-90,-110,-34,-10,9,-14,-5,4,4,5,1,1,1,-23,-7,-61,-2,-20
2018-11-08,-39,1,-25,-13,-53,-6,-37,9,4,-11,-12,-39,-3,-46,-4,-18,-8,-9,-20,-1,-16,-21,-27,-3,-29,8,-30,-17,-7,-16,-5,-45,-34,1,-76,-13,-38,-22,-18,-10,-30,-69,-52,-30,-56,-25,4,-210,-7,1,8,-19,-3,4,-14,-1,-11,-9,-37,-3,-56
2018-11-09,-49,21,-10,-18,-37,-4,-30,-8,3,1,-25,-40,-25,-31,-14,-16,-7,-59,-46,-14,-11,-17,-21,-1,-24,3,-32,-9,-8,-15,-5,-42,-31,-11,-223,-54,-28,-23,-10,-13,-24,-103,-46,-18,-37,-11,-14,-126,-5,3,8,-17,-9,-9,-12,3,-38,-1,-46,1,-40
2018-11-10,-41,8,-13,2,-22,2,-30,-4,9,-4,-13,-36,-23,-34,5,-11,0,-34,-33,-13,-9,-13,-25,-14,-14,-3,-39,-11,-18,-5,-21,-34,-26,-17,-88,-34,-32,-27,-4,-20,-39,-58,-25,-50,-32,-18,-22,-177,-4,-44,1,-16,-6,-2,-7,7,-28,-24,-43,-24,-29
2018-11-11,-34,-22,-15,-10,-14,-3,-24,5,12,-8,-3,-38,-14,-37,-30,-2,3,-36,-26,-30,-7,-31,0,-19,-30,-12,-20,-14,-16,-23,-20,-13,-7,-12,-37,-24,-23,-20,-3,-4,-29,-31,-42,-37,-33,-16,-47,-79,-5,-31,1,-11,-2,-15,-9,5,-41,-17,-31,-23,-20
2018-11-12,-37,-5,-9,-30,-27,-7,-26,-1,19,-8,-24,-23,-14,-28,-18,-4,1,-64,-21,-28,-22,-45,0,-24,-81,-8,-58,-16,-7,-17,-21,-14,-16,2,-34,-17,-15,-10,-11,-11,-20,-18,-35,-31,-21,-16,-33,-73,-17,-24,9,-8,-1,-29,-5,5,-19,-18,-28,-14,-15
2018-11-13,-19,-5,-4,-210,-19,1,-18,-6,5,-5,-18,-14,-7,-28,-14,-4,2,-51,-9,-35,-35,-54,-64,-12,-48,-10,-47,-9,-15,-4,-24,-20,-69,8,-21,-18,-16,-9,-7,-10,-7,-82,-67,-19,-15,-32,-36,-55,-28,-19,0,-3,3,-22,-5,-8,-18,-7,-19,-19,-11
2018-11-14,-5,4,-25,-128,-12,3,-13,0,5,-1,-12,-9,-8,-22,-7,-2,-2,-47,-8,-29,-48,-41,-60,-10,-41,-9,-34,-3,-27,1,-21,-13,-76,11,-28,-14,-23,-14,0,-32,-21,-84,-62,-8,-8,-24,-37,-50,-22,-14,-5,4,-2,-18,1,-68,-9,-10,-23,-13,-16
2018-11-15,-16,8,-21,-103,-14,-17,-11,6,5,-1,-15,-8,0,-9,-5,-7,0,-29,-6,-27,-47,-38,-22,-36,-49,-7,-23,-27,-20,-6,-21,-17,-37,18,-38,-21,-21,-19,-1,-28,-35,-45,-29,-4,-5,-21,-37,-38,-14,-15,-5,3,-10,-20,-12,-30,-16,-19,-11,-12,-13
2018-11-16,-7,10,-14,-146,-5,-35,-6,-8,6,-11,-12,5,10,4,-6,-31,-1,-30,-7,-20,-36,-19,-16,-39,-30,-4,-27,-113,-18,-11,-18,-27,-19,-22,-65,-21,-29,-15,5,-21,-21,-35,-37,0,-26,-21,-35,-31,-6,-18,-2,-19,-8,-16,-6,-22,-22,-33,-30,-3,-14
2018-11-17,-2,2,-26,-84,-4,-21,-3,-1,10,-2,-8,-32,8,1,2,-27,-4,-35,-27,-22,-28,-7,-10,-23,-44,9,-31,-61,-13,-5,-12,-27,-121,-29,-59,-8,-14,-13,3,-16,-27,-19,-31,-1,-33,-7,-35,-35,-5,-25,-10,-9,-5,-11,-8,-5,-15,-20,-15,-5,-8
2018-11-18,-38,1,-28,-67,-41,-11,-16,4,15,1,-4,-51,7,-4,-3,-21,-12,-24,-23,-14,-27,-8,2,-22,-50,-7,-24,-44,-17,-3,-5,-22,-151,-20,-76,-8,-27,-6,1,-28,-19,-9,-32,7,-30,-37,-25,-25,4,-17,-3,-2,4,-7,-8,-12,-9,-20,-17,-3,-8
2018-11-19,-26,-3,-26,-36,-33,-6,-9,2,-2,-15,0,-29,3,-53,3,-20,1,1,-6,-4,-20,-4,0,-27,-46,-7,-17,-36,-16,1,-19,-13,-67,-6,-95,-10,-47,-32,-11,-24,-15,-6,-35,-12,-37,-28,-16,-9,1,-12,8,-3,-1,-7,-1,-5,0,-14,-22,5,1
2018-11-20,-8,7,-15,-37,-29,10,-2,6,-16,-2,2,-24,-1,-15,-9,-33,3,-9,-4,-8,-12,-14,0,-18,-38,3,-20,-38,-6,-2,-24,-6,-37,0,-67,-6,-29,-32,-11,-17,-9,-9,-16,-9,-32,-38,-157,-31,-15,-10,-19,0,1,0,2,-19,-6,-20,-5,8,8
2018-11-21,-5,12,-32,-62,-21,-14,-1,13,-12,-9,16,-31,6,-53,-22,-23,-5,-17,-15,-5,-7,-22,-7,-13,-34,-23,-12,-25,-6,5,-16,-8,-29,-5,-87,-16,-15,-23,-5,-26,-3,-13,-13,-13,-20,-77,-141,-31,-11,-4,-31,1,-4,-8,-9,-25,-3,-24,-8,2,-23
2018-11-22,6,15,-26,-66,-10,-35,1,12,-3,-3,-5,-20,10,-50,-29,-26,-27,-18,-40,-3,-6,-32,-1,-10,-40,-69,-6,-12,-9,6,-19,-11,-18,2,-99,-11,-12,-12,3,-15,-37,-8,-13,-16,-17,-57,-67,-29,-9,4,-20,4,-5,-9,-9,-11,-1,-21,-6,-2,-17
2018-11-23,15,12,-66,-49,-4,-23,-6,-18,3,3,0,-11,6,-53,-38,-24,-4,-13,-32,-6,-3,-22,0,-10,-53,-32,0,-14,-7,1,-44,-9,-17,2,-67,-48,-5,-5,-4,-12,-89,-11,-24,-11,-32,-48,-55,-17,-17,-20,-24,-2,-3,-13,-16,-8,-10,-20,-3,-17,-12
2018-11-24,21,-4,-26,-31,-7,-17,-23,-10,9,-7,-25,10,5,-27,-39,-10,-11,-17,-15,-7,-5,-27,-33,-18,-52,-109,3,-10,-2,-37,-51,-4,-11,2,-51,-32,0,-5,-2,-6,-42,-17,-24,-2,-123,-43,-29,-19,-19,-28,-16,3,1,-13,-10,-21,-7,-20,0,-23,-10
2018-11-25,-19,0,-29,-66,1,-18,-28,7,8,7,-24,-4,1,-14,-52,-3,-36,-14,-17,-23,-8,-88,-34,5,-1,-115,-7,-5,1,-78,-41,-7,2,5,-42,-32,7,-3,1,-15,-32,-15,-14,-17,-106,-47,-24,-38,-20,-20,-16,9,-14,-11,-13,-4,-3,-14,6,-31,-14
2018-11-26,-37,-22,-18,-54,2,-11,-13,-5,6,1,-14,-8,-8,-12,-35,-23,-19,-12,-11,-19,-43,-81,-5,-12,-17,-57,-18,-11,-10,-54,-35,-28,0,0,-27,-27,-6,-44,6,-9,-23,-13,-15,8,-61,-29,-19,-32,-14,-21,-14,-6,-13,-7,-4,0,4,-13,3,-21,-2
2018-11-27,-93,-12,-24,-41,-4,-10,-6,-1,6,1,-11,-13,-21,-11,-25,-18,-11,-13,-13,-29,-25,-53,-6,-30,-11,-36,-11,-7,-22,-36,-47,-21,-20,-36,-23,-8,-10,-50,-18,-13,-17,-11,1,-49,-34,-50,-10,-35,-5,-21,-9,-7,-8,-1,-11,-2,11,-2,-8,-16,11
2018-11-28,-65,-2,-85,-45,1,-10,-4,0,10,-8,-37,-12,-16,-11,-23,-24,-8,-5,-2,-14,-17,-33,4,-37,-4,-30,0,-10,-20,-25,-27,-17,-23,-65,-14,-15,-3,-34,-24,-16,-14,-5,-4,-52,-20,-34,-7,-31,-1,-18,-10,-3,-2,-7,-10,0,10,2,1,-11,-4
2018-11-29,-38,-12,-71,-28,2,-5,2,5,11,-17,-13,-5,-18,-2,-23,-25,-4,-1,-22,-7,-17,-16,16,-28,-1,-29,-11,-12,-27,-28,-13,-23,-18,-22,-27,-2,-9,-25,-18,-9,-9,-1,-3,-83,-16,-27,-7,-19,-2,-9,-7,-4,0,-14,-15,1,4,8,-6,-10,4
2018-11-30,-11,1,-60,-24,6,-31,-10,5,8,-21,-12,-6,-26,1,-16,-11,-1,2,-36,-5,-13,-9,17,-26,4,-30,-12,-29,-88,-31,-9,-56,-38,-18,-22,-16,-3,-27,-13,-4,-2,-4,6,-45,-10,-32,-4,-19,-4,-47,3,-3,-4,-7,-25,7,-6,7,-21,-6,-1
2018-12-01,-20,10,-60,-101,-40,-18,-4,0,-8,-22,-34,-16,-18,6,-18,-12,-4,3,-32,-4,-18,-17,-3,-28,6,-17,-7,-19,-47,-26,-6,-57,-36,-15,-17,-35,-18,-23,-26,2,-10,-14,4,-29,0,-33,-18,-17,-9,-26,1,0,2,-5,-22,12,-12,15,-12,1,0
2018-12-02,-24,-16,-52,-72,-75,-12,-3,4,-8,-11,-43,-5,-10,9,-11,-1,2,-17,-27,-2,-85,-7,-3,-10,2,-5,-4,-31,-46,-21,-3,-33,-60,-2,-28,-14,-53,-26,-29,3,-8,-12,12,-17,5,-28,-5,-15,-11,-17,3,6,7,-7,-9,-2,-5,1,-14,-4,4
2018-12-03,-18,-12,-66,-51,-78,-1,-17,4,-1,-1,-27,-24,1,2,-20,-2,8,-10,-21,7,-61,-6,-11,-26,5,1,1,-25,-34,-18,-14,-35,-45,1,-20,-23,-77,-22,-15,-14,-12,-9,-7,-10,-3,-26,0,-8,-12,-16,3,7,2,1,-17,5,-11,9,-4,-1,0
2018-12-04,-13,-61,-38,-39,-37,-3,-20,4,3,-9,-16,-28,7,2,-13,-8,-20,-9,-21,-6,-38,-4,-28,-24,-17,-1,8,-23,-34,-12,-14,-28,-57,-21,-17,-21,-36,-24,-26,-8,-12,-13,-19,-19,-24,-24,5,-6,-11,-14,7,-6,5,1,-12,7,-8,7,0,8,-1
2018-12-05,-32,-103,-70,-30,-26,-17,-24,7,2,-23,-2,-28,1,-8,-15,-4,-31,-8,-17,-12,-43,-10,-21,-17,-19,-33,3,-20,-36,-8,-21,-15,-54,-15,-14,-12,-32,-11,-16,-8,-19,-23,-25,-12,-23,-26,-29,24,-6,-4,1,-15,8,-1,-8,4,-13,1,-3,6,-23
2018-12-06,-42,-47,-65,-42,-31,-6,-17,13,7,-24,-13,-30,-14,-14,-11,9,-14,-2,-13,-3,-22,1,-7,-1,-17,-3,-21,-18,-23,-2,-19,-16,-24,-10,-7,-3,-23,-13,-8,-6,-16,-18,-19,-2,-20,-7,-34,-26,-1,-32,2,-15,-3,2,-2,6,0,17,-15,2,-19
2018-12-07,-27,-21,-46,-39,-21,2,-17,14,6,-9,-21,-18,-3,-8,-10,10,-5,3,-6,6,-17,-5,7,-2,-8,-16,-25,-20,-15,-5,-15,-10,-12,-4,-3,11,-32,-15,-7,0,-9,-9,-14,-8,-20,-22,-22,-30,0,-36,1,-10,2,-2,1,11,-1,-11,-10,-8,-11
2018-12-08,-12,-7,-31,-44,-12,-1,-18,-1,16,-1,-17,-21,2,-30,2,0,0,-1,-11,-32,-11,2,11,-4,-11,-57,-13,-16,-14,-1,-10,-6,-7,1,-3,-16,-77,-13,-2,-5,-5,-5,-16,-6,-19,-28,-33,-23,1,-27,5,-8,1,-9,7,18,-33,-9,-9,-14,-6
2018-12-09,-17,-7,-12,-39,-7,1,-12,6,8,1,-19,-16,8,-14,2,5,-4,-25,-24,-37,-16,1,-1,-7,-22,-31,1,-8,-9,-1,5,2,-3,-1,7,-13,-40,-13,-12,10,-4,-5,-18,-11,-12,-26,-31,-20,3,-23,2,-3,4,-8,2,16,-21,-12,0,-19,-2
2018-12-10,-29,-6,-7,-32,-8,3,-5,4,6,7,-14,-18,0,-9,-8,-1,-5,-27,-17,-31,-6,10,4,-14,-16,-35,-16,-2,-22,-6,-12,-10,10,3,-11,-14,-27,-12,-9,-24,-22,-6,-15,-7,-8,-18,-31,-22,-14,-28,-2,2,4,-3,-13,4,-15,2,-6,-23,3
2018-12-11,-35,6,-6,-23,-28,-25,1,11,-2,5,-15,-10,-6,-1,-8,1,6,-20,-8,-23,-63,13,7,-2,-6,-38,-24,-6,-30,-9,-26,-10,4,9,-21,-7,-26,-12,0,-18,-44,-50,-12,0,-10,-13,-25,-18,-35,-27,-16,1,4,-1,-8,11,-9,12,-6,-12,2
2018-12-12,-38,4,-11,-36,-19,-22,-1,16,-2,7,-12,-18,-2,0,-12,13,9,-18,-3,-27,-49,19,4,-16,-19,-33,-33,-27,-18,-2,-21,-17,-4,14,-23,-2,-23,-14,1,-17,-23,-15,-14,-2,-20,-9,-18,-24,-36,-40,-18,1,8,4,-5,16,-8,-10,-7,-7,-9
2018-12-13,-24,-36,-21,-47,0,-19,0,21,-4,-5,-2,-15,6,0,-30,-29,7,-14,1,-22,-34,-1,9,-13,-40,-12,-23,-20,-38,-1,-15,-23,-13,-23,-20,0,-17,-9,-7,-18,-14,2,-47,4,-27,-9,-22,-31,-22,-33,-13,-1,7,-9,-5,7,12,-10,-1,-7,-4
2018-12-14,-13,-52,-53,-8,-2,-15,-6,2,3,-36,-3,-14,11,-76,-17,-29,12,-19,6,-19,-30,-15,11,-10,-23,-3,-22,-24,-39,-22,-12,-32,-13,-8,-23,-6,-10,-5,4,-15,-1,5,-23,7,-15,-15,-23,-22,-12,-28,-9,0,-1,-12,-3,12,-8,-9,-9,-4,0
2018-12-15,-13,-23,-41,-74,-2,-16,-12,2,9,-55,5,-4,8,-68,-12,-26,3,-19,-3,-13,-21,-39,-2,-17,-14,6,-25,-17,-32,-10,-5,-31,-12,-6,-18,-7,-7,-15,-4,-14,-3,3,-5,8,7,-29,-26,-22,-7,-116,-6,4,6,-18,-4,0,-13,-5,-24,-3,7
2018-12-16,-9,3,-33,-95,-2,-4,-7,7,16,-29,10,-8,-7,-44,-10,-42,12,-8,1,-7,-21,-21,-3,-21,-11,-6,-19,-20,-20,-12,-45,-32,-25,0,-22,-8,-12,-19,-27,-18,-6,-4,-4,11,-7,-16,-16,-8,-1,-56,-3,9,1,-15,0,-3,-15,-4,-14,1,9
2018-12-17,-14,-9,-25,-40,-3,-12,-5,-9,16,-18,-26,-9,-1,-32,-68,-31,10,-5,-4,-8,-37,-7,-7,-22,8,-57,-6,-27,-20,-7,-34,-55,-20,6,-44,-16,-22,-14,-16,-18,-9,1,-4,-6,-30,-8,-5,-15,0,-41,-8,-2,2,-10,2,-2,-8,-4,-5,4,-4
2018-12-18,-10,-73,-14,-48,7,-54,3,-5,7,-18,-23,0,8,-19,-76,-21,14,-22,-3,-31,-18,-40,-5,-27,-24,-49,-4,-20,-19,-1,-25,-56,-2,4,-37,-35,-19,-6,-16,-16,-14,7,3,-14,-28,14,1,-13,13,-31,-22,-2,4,-10,6,0,-7,7,-5,-11,-12
2018-12-19,-9,-52,-33,-33,12,-38,6,-3,-17,-16,-34,-8,13,-4,-66,-17,20,-19,2,-21,-11,-47,-4,-89,-16,-8,1,-12,-50,-6,-19,-49,-1,5,-40,-15,-16,-1,-9,-11,-3,4,1,-8,-23,-25,5,-10,4,-38,-17,-4,1,-8,7,2,-11,3,9,-10,-4
2018-12-20,-27,-23,-19,-32,8,-33,-9,1,-2,-12,-44,-1,19,-25,-46,-16,-6,-23,1,-12,-11,-30,-3,-103,-9,-27,-2,-10,-39,-4,-17,-35,4,-3,-32,-18,-10,1,-4,-2,0,-7,8,-4,-18,-48,9,-2,-20,-40,-12,-1,2,-18,-1,1,-10,1,-64,-6,-3
2018-12-21,-26,-17,-7,-33,15,-30,-7,5,4,-20,-18,-7,15,-20,-31,-5,-17,-17,6,-2,-6,-26,-6,-48,-8,-47,1,-2,-30,-1,-30,-30,4,2,-27,-13,-15,-6,-7,-2,0,3,8,5,-29,-49,-14,-3,-15,-41,-16,-2,6,-16,-5,-1,-6,-11,-90,-17,0
2018-12-22,-16,-9,7,-36,8,-21,-13,3,11,-14,-16,-18,17,-18,-37,1,-16,-14,-1,-15,-15,-13,3,-31,0,-58,-3,-5,-21,-15,-40,-28,-4,11,-11,-15,-14,-3,-31,-19,3,9,9,7,-41,-15,-10,-15,-6,-40,-11,7,2,-8,-10,5,5,-16,-32,-31,7
2018-12-23,-3,-8,-16,-31,2,-15,-14,6,1,-14,-30,-17,1,-12,-36,-24,-13,-9,0,-15,-4,-16,5,-12,3,-33,-7,-3,-15,-18,-30,-24,-25,18,-20,-7,-10,7,-22,-21,2,-10,24,-39,-20,-42,-8,-18,0,-42,-10,-2,5,-4,-3,12,5,9,-18,-27,7
2018-12-24,8,-7,-28,-25,3,-12,-11,6,12,-16,-20,-19,-2,-29,-28,-22,-3,-14,0,-10,-9,-8,7,-3,-15,-28,-8,-4,-25,-22,-28,-15,-20,-15,-15,-13,-11,-19,-29,1,-5,1,13,-13,-30,-39,0,-13,0,-36,-8,-6,-3,-7,0,12,7,-24,-8,-22,5
2018-12-25,1,5,-16,-26,1,-2,-8,8,-2,-11,-15,-9,-5,-19,-24,-5,2,-14,-6,-12,-3,-18,17,9,-6,-7,-15,1,-14,-17,-23,-49,-20,-21,-10,-8,-12,-20,-23,-13,4,-12,-1,9,-24,-32,3,-8,-9,-32,-6,-2,6,-2,-1,9,-11,-15,-4,-20,-7
2018-12-26,-19,4,-21,-16,8,-7,-8,2,-4,-20,-20,-8,1,-14,-32,-11,8,-14,-20,-11,-5,-31,11,-6,0,-3,-2,-25,-24,-16,-16,-54,-20,-3,10,-3,-10,-19,-21,-6,6,-14,3,-2,-20,-32,2,-8,-5,-29,0,0,-2,-8,-1,9,-5,-22,-3,-25,-8
2018-12-27,-13,-20,-39,-46,13,-16,-2,8,-4,-30,-20,-17,-8,-13,-28,-6,11,-20,-30,-14,-9,-29,-4,-14,1,7,-12,-24,-16,-8,-6,-45,-28,3,-20,19,-13,-17,-14,-2,2,-11,2,-2,-16,-55,1,-3,-4,-25,1,2,-2,-7,8,11,8,-12,-7,-19,0
2018-12-28,-4,-11,-44,-60,-6,-2,3,13,-9,-22,-8,-13,-1,-31,-17,3,6,-12,-18,-5,-11,-18,-11,-10,-5,-9,-13,-29,-36,-10,-2,-36,-17,13,-58,-27,-11,-13,-5,-3,10,-5,0,-5,10,-41,-14,-23,-23,-19,-5,5,1,-12,15,17,12,2,2,-13,-1
2018-12-29,5,-11,-37,-44,-9,-3,-12,8,-5,-13,-11,-13,2,-27,-30,-11,-3,-7,-19,-59,-14,-22,-33,-7,-34,-16,-6,-23,-34,-4,5,-43,-32,11,-42,-87,-3,-20,-4,-3,4,-30,-4,-2,34,-28,-4,-35,-19,-12,-3,3,1,-25,5,8,-1,-5,2,-13,5
2018-12-30,-13,-4,-28,-40,-13,4,-13,10,-1,-11,0,-16,4,-25,-36,-20,-5,-1,-16,-39,-14,-29,-24,-26,-56,-11,-20,-19,-48,-2,1,-30,-86,22,-41,-45,-5,-12,2,-10,-35,-16,10,-2,-25,-26,-6,-16,-12,-14,0,11,5,-12,-3,13,-4,-11,5,-7,6
2018-12-31,-82,1,-17,-43,-11,-2,-7,9,1,-4,-68,-12,10,-11,-22,-17,-6,-7,-7,-32,-8,-30,-14,-30,-33,-4,-25,-21,-37,-5,-6,-30,-79,5,-24,-24,-27,-7,-1,-12,-35,-4,-19,3,-31,-23,-1,-16,-11,-15,3,2,7,-17,-13,6,0,1,-18,-11,10
